"aircraft_type","picture","source","author_name","author_profile","license"
"A002","aircraft_type_pictures/A002.jpg","https://commons.wikimedia.org/wiki/File:Gyroplane_Irkut_A002M.jpg","Разработчик",NULL,"CC-BY-SA-1.0"
"A1","aircraft_type_pictures/A1.jpg","https://www.flickr.com/photos/clemensv/7911148090/","Clemens Vasters","https://www.flickr.com/photos/clemensv/","CC-BY-2.0"
"A10","aircraft_type_pictures/A10.jpg","https://www.flickr.com/photos/my_public_domain_photos/35452059444/","Robert Sullivan","https://www.flickr.com/photos/my_public_domain_photos/","CC0-1.0"
"A109","aircraft_type_pictures/A109.jpg","https://www.flickr.com/photos/sjbyles/49825032637/","Steven Byles","https://www.flickr.com/photos/sjbyles/","CC-BY-SA-2.0"
"A119","aircraft_type_pictures/A119.jpg","https://www.flickr.com/photos/95512093@N05/27654732096/","James","https://www.flickr.com/photos/95512093@N05/","CC-BY-SA-2.0"
"A122","aircraft_type_pictures/A122.jpg","https://commons.wikimedia.org/wiki/File:Aerotec122_zarapa.jpg","Gabriel Toledano","https://en.wikipedia.org/wiki/pt:User:Gabriel_Toledano","CC0-1.0"
"A124","aircraft_type_pictures/A124.jpg","https://www.flickr.com/photos/fireballsg72/5623381311/","ken H","https://www.flickr.com/photos/fireballsg72/","CC-BY-SA-2.0"
"A129","aircraft_type_pictures/A129.jpg","https://www.flickr.com/photos/109661044@N07/26847417363/","Rob Schleiffert","https://www.flickr.com/photos/109661044@N07/","CC-BY-SA-2.0"
"A139","aircraft_type_pictures/A139.jpg","https://www.flickr.com/photos/wiltshirespotter/14684727542/","Pete Webber","https://www.flickr.com/photos/wiltshirespotter/","CC-BY-SA-2.0"
"A140","aircraft_type_pictures/A140.jpg","https://www.flickr.com/photos/130961247@N06/17270753820/","Anna Zvereva","https://www.flickr.com/photos/130961247@N06/","CC-BY-SA-2.0"
"A148","aircraft_type_pictures/A148.jpg","https://www.flickr.com/photos/130961247@N06/37680523701/","Anna Zvereva","https://www.flickr.com/photos/130961247@N06/","CC-BY-SA-2.0"
"A149","aircraft_type_pictures/A149.jpg","https://www.flickr.com/photos/ajw1970/11988205073/","Alan Wilson","https://www.flickr.com/photos/ajw1970/","CC-BY-SA-2.0"
"A158","aircraft_type_pictures/A158.jpg","https://www.flickr.com/photos/130961247@N06/15833810944/","Anna Zvereva","https://www.flickr.com/photos/130961247@N06/","CC-BY-SA-2.0"
"A169","aircraft_type_pictures/A169.jpg","https://www.flickr.com/photos/wiltshirespotter/14284645724/","Pete Webber","https://www.flickr.com/photos/wiltshirespotter/","CC-BY-SA-2.0"
"A178","aircraft_type_pictures/A178.jpg","https://www.flickr.com/photos/130961247@N06/43377403255/","Anna Zvereva","https://www.flickr.com/photos/130961247@N06/","CC-BY-SA-2.0"
"A189","aircraft_type_pictures/A189.jpg","https://www.flickr.com/photos/wiltshirespotter/14098501588/","Pete Webber","https://www.flickr.com/photos/wiltshirespotter/","CC-BY-SA-2.0"
"A20","aircraft_type_pictures/A20.jpg","https://www.flickr.com/photos/ajw1970/10156437134/","Alan Wilson","https://www.flickr.com/photos/ajw1970/","CC-BY-SA-2.0"
"A20N","aircraft_type_pictures/A20N.jpg","https://www.flickr.com/photos/fklebl/43628797864/","Florian Klebl","https://www.flickr.com/photos/fklebl/","CC-BY-ND-2.0"
"A21N","aircraft_type_pictures/A21N.jpg","https://www.flickr.com/photos/bribri/29428329122/","BriYYZ","https://www.flickr.com/photos/bribri/","CC-BY-SA-2.0"
"A225","aircraft_type_pictures/A225.jpg","https://www.flickr.com/photos/oliviercabaret/49858879841/","Olivier CABARET","https://www.flickr.com/photos/oliviercabaret/","CC-BY-2.0"
"A3","aircraft_type_pictures/A3.jpg","https://www.flickr.com/photos/wbaiv/5092277159/","Bill Abbott","https://www.flickr.com/photos/wbaiv/","CC-BY-SA-2.0"
"A306","aircraft_type_pictures/A306.jpg","https://www.flickr.com/photos/aero_icarus/6042375672/","Aero Icarus","https://www.flickr.com/photos/aero_icarus/","CC-BY-SA-2.0"
"A30B","aircraft_type_pictures/A30B.jpg","https://www.flickr.com/photos/sas-museum/48768477696/","SAS Museet","https://www.flickr.com/photos/sas-museum/","CC-BY-SA-2.0"
"A310","aircraft_type_pictures/A310.jpg","https://www.flickr.com/photos/184423835@N06/49840366413/","David Rodríguez González","https://www.flickr.com/photos/184423835@N06/","CC0-1.0"
"A318","aircraft_type_pictures/A318.jpg","https://www.flickr.com/photos/130961247@N06/49734881033/","Anna Zvereva","https://www.flickr.com/photos/130961247@N06/","CC-BY-SA-2.0"
"A319","aircraft_type_pictures/A319.jpg","https://www.flickr.com/photos/184423835@N06/49821348846/","David Rodríguez González","https://www.flickr.com/photos/184423835@N06/","CC0-1.0"
"A320","aircraft_type_pictures/A320.jpg","https://www.flickr.com/photos/184423835@N06/49876914743/","David Rodríguez González","https://www.flickr.com/photos/184423835@N06/","CC0-1.0"
"A321","aircraft_type_pictures/A321.jpg","https://www.flickr.com/photos/130961247@N06/40664430033/","Anna Zvereva","https://www.flickr.com/photos/130961247@N06/","CC-BY-SA-2.0"
"A332","aircraft_type_pictures/A332.jpg","https://www.flickr.com/photos/marvin-mutz/49568550133/","Marvin Mutz","https://www.flickr.com/photos/marvin-mutz/","CC-BY-SA-2.0"
"A333","aircraft_type_pictures/A333.jpg","https://www.flickr.com/photos/dylan33/48825698472/","Dylan Agbagni","https://www.flickr.com/photos/dylan33/","CC0-1.0"
"A337","aircraft_type_pictures/A337.jpg","https://www.flickr.com/photos/dylan33/48928991596/","Dylan Agbagni","https://www.flickr.com/photos/dylan33/","CC0-1.0"
"A339","aircraft_type_pictures/A339.jpg","https://www.flickr.com/photos/lynothehammer/43450064651/","Steve Lynes","https://www.flickr.com/photos/lynothehammer/","CC-BY-2.0"
"A342","aircraft_type_pictures/A342.jpg","https://www.flickr.com/photos/airlines470/18554238259/","ERIC SALARD","https://www.flickr.com/photos/airlines470/","CC-BY-SA-2.0"
"A343","aircraft_type_pictures/A343.jpg","https://www.flickr.com/photos/airlines470/49283027793/","ERIC SALARD","https://www.flickr.com/photos/airlines470/","CC-BY-SA-2.0"
"A345","aircraft_type_pictures/A345.jpg","https://www.flickr.com/photos/aero_icarus/6041785875/","Aero Icarus","https://www.flickr.com/photos/aero_icarus/","CC-BY-SA-2.0"
"A346","aircraft_type_pictures/A346.jpg","https://www.flickr.com/photos/129575161@N05/27018527696/","Masakatsu Ukon","https://www.flickr.com/photos/129575161@N05/","CC-BY-SA-2.0"
"A359","aircraft_type_pictures/A359.jpg","https://www.flickr.com/photos/montoya711/20133325719/","Melv_L - MACASR","https://www.flickr.com/photos/montoya711/","CC-BY-SA-2.0"
"A35K","aircraft_type_pictures/A35K.jpg","https://www.flickr.com/photos/dylan33/48825544403/","Dylan Agbagni","https://www.flickr.com/photos/dylan33/","CC0-1.0"
"A37","aircraft_type_pictures/A37.jpg","https://www.flickr.com/photos/tom-margie/2999923368/","Insomnia Cured Here","https://www.flickr.com/photos/tom-margie/","CC0-1.0"
"A388","aircraft_type_pictures/A388.jpg","https://www.flickr.com/photos/marvin-mutz/48710704332/","Marvin Mutz","https://www.flickr.com/photos/marvin-mutz/","CC-BY-SA-2.0"
"A3ST","aircraft_type_pictures/A3ST.jpg","https://www.flickr.com/photos/kitmasterbloke/49020140378/","kitmasterbloke","https://www.flickr.com/photos/kitmasterbloke/","CC-BY-2.0"
"A4","aircraft_type_pictures/A4.jpg","https://www.flickr.com/photos/siamesepuppy/47089829554/","siamesepuppy","https://www.flickr.com/photos/siamesepuppy/","CC-BY-2.0"
"A400","aircraft_type_pictures/A400.jpg","https://www.flickr.com/photos/airlines470/18306619154/","ERIC SALARD","https://www.flickr.com/photos/airlines470/","CC-BY-SA-2.0"
"A6","aircraft_type_pictures/A6.jpg","https://www.flickr.com/photos/109661044@N07/19345654960/","Rob Schleiffert","https://www.flickr.com/photos/109661044@N07/","CC-BY-SA-2.0"
"A743","aircraft_type_pictures/A743.jpg","https://www.flickr.com/photos/papasdos/32957756543/","Papas Dos","https://www.flickr.com/photos/papasdos/","CC-BY-2.0"
"A748","aircraft_type_pictures/A748.jpg","https://www.flickr.com/photos/aero_icarus/8498750482/","Aero Icarus","https://www.flickr.com/photos/aero_icarus/","CC-BY-SA-2.0"
"AA1","aircraft_type_pictures/AA1.jpg","https://www.flickr.com/photos/wiltshirespotter/14156621566/","Pete Webber","https://www.flickr.com/photos/wiltshirespotter/","CC-BY-SA-2.0"
"AA5","aircraft_type_pictures/AA5.jpg","https://www.flickr.com/photos/ajw1970/45736477702/","Alan Wilson","https://www.flickr.com/photos/ajw1970/","CC-BY-SA-2.0"
"AEST","aircraft_type_pictures/AEST.jpg","https://www.flickr.com/photos/16633132@N04/19218667558/","Ronnie Robertson","https://www.flickr.com/photos/16633132@N04/","CC-BY-SA-2.0"
"AMX","aircraft_type_pictures/AMX.jpg","https://www.flickr.com/photos/my_public_domain_photos/47970315522/","Robert Sullivan","https://www.flickr.com/photos/my_public_domain_photos/","CC0-1.0"
"AN12","aircraft_type_pictures/AN12.jpg","https://www.flickr.com/photos/109661044@N07/17776249063/","Rob Schleiffert","https://www.flickr.com/photos/109661044@N07/","CC-BY-SA-2.0"
"AN2","aircraft_type_pictures/AN2.jpg","https://www.flickr.com/photos/mdpettitt/4920957205/","Martin Pettitt","https://www.flickr.com/photos/mdpettitt/","CC-BY-2.0"
"AN22","aircraft_type_pictures/AN22.jpg","https://www.flickr.com/photos/vlsergey/7810918666/","Sergey Vladimirov","https://www.flickr.com/photos/vlsergey/","CC-BY-2.0"
"AN24","aircraft_type_pictures/AN24.jpg","https://www.flickr.com/photos/44400809@N07/5007230659/","Dmitry Terekhov","https://www.flickr.com/photos/44400809@N07/","CC-BY-SA-2.0"
"AN26","aircraft_type_pictures/AN26.jpg","https://www.flickr.com/photos/44400809@N07/4321311319/","Dmitry Terekhov","https://www.flickr.com/photos/44400809@N07/","CC-BY-SA-2.0"
"AN28","aircraft_type_pictures/AN28.jpg","https://www.flickr.com/photos/ronmacphotos/36127017992/","Ronnie Macdonald","https://www.flickr.com/photos/ronmacphotos/","CC-BY-2.0"
"AN3","aircraft_type_pictures/AN3.jpg","https://www.flickr.com/photos/ajw1970/9506536536/","Alan Wilson","https://www.flickr.com/photos/ajw1970/","CC-BY-SA-2.0"
"AN30","aircraft_type_pictures/AN30.jpg","https://www.flickr.com/photos/awilson154/14569602376/","Alec Wilson","https://www.flickr.com/photos/awilson154/","CC-BY-SA-2.0"
"AN32","aircraft_type_pictures/AN32.jpg","https://www.flickr.com/photos/faisal_akram/8042288487/","Faisal Akram","https://www.flickr.com/photos/faisal_akram/","CC-BY-SA-2.0"
"AN70","aircraft_type_pictures/AN70.jpg","https://www.flickr.com/photos/147588571@N02/32906182660/","Forutdin Sattarov","https://www.flickr.com/photos/147588571@N02/","CC-BY-SA-2.0"
"AN72","aircraft_type_pictures/AN72.jpg","https://www.flickr.com/photos/130961247@N06/49570559757/","Anna Zvereva","https://www.flickr.com/photos/130961247@N06/","CC-BY-SA-2.0"
"AN8","aircraft_type_pictures/AN8.jpg","https://www.flickr.com/photos/ajw1970/24696676257/","Alan Wilson","https://www.flickr.com/photos/ajw1970/","CC-BY-SA-2.0"
"AP20","aircraft_type_pictures/AP20.jpg","https://www.flickr.com/photos/awilson154/49405391531/","Alec Wilson","https://www.flickr.com/photos/awilson154/","CC-BY-SA-2.0"
"AP22","aircraft_type_pictures/AP22.jpg","https://www.flickr.com/photos/awilson154/20918930069/","Alec Wilson","https://www.flickr.com/photos/awilson154/","CC-BY-SA-2.0"
"AP32","aircraft_type_pictures/AP32.jpg","https://www.flickr.com/photos/ajw1970/49295496887/","Alan Wilson","https://www.flickr.com/photos/ajw1970/","CC-BY-SA-2.0"
"AS32","aircraft_type_pictures/AS32.jpg","https://www.flickr.com/photos/ajw1970/49852012662/","Alan Wilson","https://www.flickr.com/photos/ajw1970/","CC-BY-SA-2.0"
"AS50","aircraft_type_pictures/AS50.jpg","https://www.flickr.com/photos/lynothehammer/44968609222/","Steve Lynes","https://www.flickr.com/photos/lynothehammer/","CC-BY-2.0"
"AS55","aircraft_type_pictures/AS55.jpg","https://www.flickr.com/photos/24874528@N04/32501379807/","Airwolfhound","https://www.flickr.com/photos/24874528@N04/","CC-BY-SA-2.0"
"AS65","aircraft_type_pictures/AS65.jpg","https://www.flickr.com/photos/95512093@N05/39964307355/","James","https://www.flickr.com/photos/95512093@N05/","CC-BY-SA-2.0"
"AT43","aircraft_type_pictures/AT43.jpg","https://www.flickr.com/photos/airlines470/16061985262/","ERIC SALARD","https://www.flickr.com/photos/airlines470/","CC-BY-SA-2.0"
"AT44","aircraft_type_pictures/AT44.jpg","https://www.flickr.com/photos/13722921@N06/3140143777/","Jerry Gunner","https://www.flickr.com/photos/13722921@N06/","CC-BY-2.0"
"AT45","aircraft_type_pictures/AT45.jpg","https://www.flickr.com/photos/130961247@N06/49732242741/","Anna Zvereva","https://www.flickr.com/photos/130961247@N06/","CC-BY-SA-2.0"
"AT46","aircraft_type_pictures/AT46.jpg","https://www.flickr.com/photos/115391424@N05/25195777673/","lasta29","https://www.flickr.com/photos/115391424@N05/","CC-BY-2.0"
"AT72","aircraft_type_pictures/AT72.jpg","https://www.flickr.com/photos/eisenbahner/6072556361/","Chris","https://www.flickr.com/photos/eisenbahner/","CC-BY-2.0"
"AT73","aircraft_type_pictures/AT73.jpg","https://www.flickr.com/photos/airlines470/7017808759/","ERIC SALARD","https://www.flickr.com/photos/airlines470/","CC-BY-SA-2.0"
"AT75","aircraft_type_pictures/AT75.jpg","https://www.flickr.com/photos/130961247@N06/31490367644/","Anna Zvereva","https://www.flickr.com/photos/130961247@N06/","CC-BY-SA-2.0"
"AT76","aircraft_type_pictures/AT76.jpg","https://www.flickr.com/photos/130961247@N06/41702201211/","Anna Zvereva","https://www.flickr.com/photos/130961247@N06/","CC-BY-SA-2.0"
"B06","aircraft_type_pictures/B06.jpg","https://www.flickr.com/photos/95512093@N05/43835223182/","James","https://www.flickr.com/photos/95512093@N05/","CC-BY-SA-2.0"
"B105","aircraft_type_pictures/B105.jpg","https://www.flickr.com/photos/markyharky/11857052864/","Mark Harkin","https://www.flickr.com/photos/markyharky/","CC-BY-2.0"
"B17","aircraft_type_pictures/B17.jpg","https://www.flickr.com/photos/lynothehammer/44126179131/","Steve Lynes","https://www.flickr.com/photos/lynothehammer/","CC-BY-2.0"
"B2","aircraft_type_pictures/B2.jpg","https://www.flickr.com/photos/joncutrer/48737027841/","Jonathan Cutrer","https://www.flickr.com/photos/joncutrer/","CC-BY-2.0"
"B212","aircraft_type_pictures/B212.jpg","https://www.flickr.com/photos/13722921@N06/3304100610/","Jerry Gunner","https://www.flickr.com/photos/13722921@N06/","CC-BY-2.0"
"B214","aircraft_type_pictures/B214.jpg","https://www.flickr.com/photos/wiltshirespotter/20982794433/","Pete Webber","https://www.flickr.com/photos/wiltshirespotter/","CC-BY-SA-2.0"
"B222","aircraft_type_pictures/B222.jpg","https://www.flickr.com/photos/wiltshirespotter/14000649658/","Pete Webber","https://www.flickr.com/photos/wiltshirespotter/","CC-BY-SA-2.0"
"B23","aircraft_type_pictures/B23.jpg","https://www.flickr.com/photos/jopoe/20987292786/","Joanna Poe","https://www.flickr.com/photos/jopoe/","CC-BY-SA-2.0"
"B230","aircraft_type_pictures/B230.jpg","https://www.flickr.com/photos/fun_flying/3823797710/","D. Miller","https://www.flickr.com/photos/fun_flying/","CC-BY-2.0"
"B26","aircraft_type_pictures/B26.jpg","https://www.flickr.com/photos/92854517@N00/23506447900/","LoadedAaron","https://www.flickr.com/photos/92854517@N00/","CC-BY-ND-2.0"
"B29","aircraft_type_pictures/B29.jpg","https://www.flickr.com/photos/ajw1970/49466007267/","Alan Wilson","https://www.flickr.com/photos/ajw1970/","CC-BY-SA-2.0"
"B37M","aircraft_type_pictures/B37M.jpg","https://www.flickr.com/photos/130961247@N06/30416417438/","Anna Zvereva","https://www.flickr.com/photos/130961247@N06/","CC-BY-SA-2.0"
"B38M","aircraft_type_pictures/B38M.jpg","https://www.flickr.com/photos/cb-aviation-photography/45474364161/","Colin Brown Photography","https://www.flickr.com/photos/cb-aviation-photography/","CC-BY-2.0"
"B39M","aircraft_type_pictures/B39M.jpg","https://www.flickr.com/photos/cb-aviation-photography/46691944375/","Colin Brown Photography","https://www.flickr.com/photos/cb-aviation-photography/","CC-BY-2.0"
"B407","aircraft_type_pictures/B407.jpg","https://www.flickr.com/photos/ajw1970/13006216673/","Alan Wilson","https://www.flickr.com/photos/ajw1970/","CC-BY-SA-2.0"
"B412","aircraft_type_pictures/B412.jpg","https://www.flickr.com/photos/my_public_domain_photos/48878663948/","Robert Sullivan","https://www.flickr.com/photos/my_public_domain_photos/","CC0-1.0"
"B427","aircraft_type_pictures/B427.jpg","https://www.flickr.com/photos/airlines470/14491856565/","ERIC SALARD","https://www.flickr.com/photos/airlines470/","CC-BY-SA-2.0"
"B429","aircraft_type_pictures/B429.jpg","https://www.flickr.com/photos/hisgett/44441647372/","Tony Hisgett","https://www.flickr.com/photos/hisgett/","CC-BY-2.0"
"B430","aircraft_type_pictures/B430.jpg","https://www.flickr.com/photos/sjbyles/8115797303/","Steven Byles","https://www.flickr.com/photos/sjbyles/","CC-BY-SA-2.0"
"B461","aircraft_type_pictures/B461.jpg","https://www.flickr.com/photos/sjbyles/8325313956/","Steven Byles","https://www.flickr.com/photos/sjbyles/","CC-BY-SA-2.0"
"B462","aircraft_type_pictures/B462.jpg","https://www.flickr.com/photos/131806380@N05/24292946466/","Rob Hodgkins","https://www.flickr.com/photos/131806380@N05/","CC-BY-SA-2.0"
"B463","aircraft_type_pictures/B463.jpg","https://www.flickr.com/photos/131806380@N05/21945975814/","Rob Hodgkins","https://www.flickr.com/photos/131806380@N05/","CC-BY-SA-2.0"
"B505","aircraft_type_pictures/B505.jpg","https://www.flickr.com/photos/24739551@N03/48112576598/","Mike Burdett","https://www.flickr.com/photos/24739551@N03/","CC-BY-SA-2.0"
"B52","aircraft_type_pictures/B52.jpg","https://www.flickr.com/photos/my_public_domain_photos/36119592802/","Robert Sullivan","https://www.flickr.com/photos/my_public_domain_photos/","CC0-1.0"
"B701","aircraft_type_pictures/B701.jpg","https://www.flickr.com/photos/131806380@N05/17202182319/","Rob Hodgkins","https://www.flickr.com/photos/131806380@N05/","CC-BY-SA-2.0"
"B703","aircraft_type_pictures/B703.jpg","https://www.flickr.com/photos/131806380@N05/27105081381/","Rob Hodgkins","https://www.flickr.com/photos/131806380@N05/","CC-BY-SA-2.0"
"B712","aircraft_type_pictures/B712.jpg","https://www.flickr.com/photos/ajw1970/49681069182/","Alan Wilson","https://www.flickr.com/photos/ajw1970/","CC-BY-SA-2.0"
"B720","aircraft_type_pictures/B720.jpg","https://www.flickr.com/photos/aero_icarus/8169124757/","Aero Icarus","https://www.flickr.com/photos/aero_icarus/","CC-BY-SA-2.0"
"B721","aircraft_type_pictures/B721.jpg","https://www.flickr.com/photos/aero_icarus/4708566927/","Aero Icarus","https://www.flickr.com/photos/aero_icarus/","CC-BY-SA-2.0"
"B722","aircraft_type_pictures/B722.jpg","https://www.flickr.com/photos/33465428@N02/8376774273/","Dean Morley","https://www.flickr.com/photos/33465428@N02/","CC-BY-ND-2.0"
"B732","aircraft_type_pictures/B732.jpg","https://www.flickr.com/photos/44400809@N07/4080679175/","Dmitry Terekhov","https://www.flickr.com/photos/44400809@N07/","CC-BY-SA-2.0"
"B733","aircraft_type_pictures/B733.jpg","https://www.flickr.com/photos/larssteffens/9527975997/","Lars Steffens","https://www.flickr.com/photos/larssteffens/","CC-BY-SA-2.0"
"B734","aircraft_type_pictures/B734.jpg","https://www.flickr.com/photos/33465428@N02/8500408709/","Dean Morley","https://www.flickr.com/photos/33465428@N02/","CC-BY-ND-2.0"
"B735","aircraft_type_pictures/B735.jpg","https://www.flickr.com/photos/131806380@N05/23754696313/","Rob Hodgkins","https://www.flickr.com/photos/131806380@N05/","CC-BY-SA-2.0"
"B736","aircraft_type_pictures/B736.jpg","https://www.flickr.com/photos/markyharky/9467745176/","Mark Harkin","https://www.flickr.com/photos/markyharky/","CC-BY-2.0"
"B737","aircraft_type_pictures/B737.jpg","https://www.flickr.com/photos/medau/8398295790/","Joao Carlos Medau","https://www.flickr.com/photos/medau/","CC-BY-2.0"
"B738","aircraft_type_pictures/B738.jpg","https://www.flickr.com/photos/129575161@N05/48985303281/","Masakatsu Ukon","https://www.flickr.com/photos/129575161@N05/","CC-BY-SA-2.0"
"B739","aircraft_type_pictures/B739.jpg","https://www.flickr.com/photos/bribri/23651587641/","BriYYZ","https://www.flickr.com/photos/bribri/","CC-BY-SA-2.0"
"B741","aircraft_type_pictures/B741.jpg","https://www.flickr.com/photos/33465428@N02/3701746013/","Dean Morley","https://www.flickr.com/photos/33465428@N02/","CC-BY-ND-2.0"
"B742","aircraft_type_pictures/B742.jpg","https://www.flickr.com/photos/131806380@N05/49083732147/","Rob Hodgkins","https://www.flickr.com/photos/131806380@N05/","CC-BY-SA-2.0"
"B743","aircraft_type_pictures/B743.jpg","https://www.flickr.com/photos/33465428@N02/4257581152/","Dean Morley","https://www.flickr.com/photos/33465428@N02/","CC-BY-ND-2.0"
"B744","aircraft_type_pictures/B744.jpg","https://www.flickr.com/photos/129575161@N05/26746829512/","Masakatsu Ukon","https://www.flickr.com/photos/129575161@N05/","CC-BY-SA-2.0"
"B748","aircraft_type_pictures/B748.jpg","https://www.flickr.com/photos/marvin-mutz/48704655503/","Marvin Mutz","https://www.flickr.com/photos/marvin-mutz/","CC-BY-SA-2.0"
"B74D","aircraft_type_pictures/B74D.jpg","https://www.flickr.com/photos/kuboki/11946015916/","Takeshi Kuboki","https://www.flickr.com/photos/kuboki/","CC-BY-2.0"
"B74R","aircraft_type_pictures/B74R.jpg","https://www.flickr.com/photos/contri/5687234098/","contri","https://www.flickr.com/photos/contri/","CC-BY-SA-2.0"
"B74S","aircraft_type_pictures/B74S.jpg","https://www.flickr.com/photos/fotonoir/8215715279/","FotoNoir","https://www.flickr.com/photos/fotonoir/","CC-BY-SA-2.0"
"B752","aircraft_type_pictures/B752.jpg","https://www.flickr.com/photos/37467370@N08/49013775583/","Greg Goebel","https://www.flickr.com/photos/37467370@N08/","CC-BY-SA-2.0"
"B753","aircraft_type_pictures/B753.jpg","https://www.flickr.com/photos/37467370@N08/49014302206/","Greg Goebel","https://www.flickr.com/photos/37467370@N08/","CC-BY-SA-2.0"
"B762","aircraft_type_pictures/B762.jpg","https://www.flickr.com/photos/33465428@N02/4713680003/","Dean Morley","https://www.flickr.com/photos/33465428@N02/","CC-BY-ND-2.0"
"B763","aircraft_type_pictures/B763.jpg","https://www.flickr.com/photos/aero_icarus/46122959592/","Aero Icarus","https://www.flickr.com/photos/aero_icarus/","CC-BY-NC-SA-2.0"
"B764","aircraft_type_pictures/B764.jpg","https://www.flickr.com/photos/markyharky/9483727403/","Mark Harkin","https://www.flickr.com/photos/markyharky/","CC-BY-2.0"
"B772","aircraft_type_pictures/B772.jpg","https://www.flickr.com/photos/larssteffens/9328013793/","Lars Steffens","https://www.flickr.com/photos/larssteffens/","CC-BY-SA-2.0"
"B773","aircraft_type_pictures/B773.jpg","https://www.flickr.com/photos/oliviercabaret/48172733241/","Olivier CABARET","https://www.flickr.com/photos/oliviercabaret/","CC-BY-2.0"
"B77L","aircraft_type_pictures/B77L.jpg","https://www.flickr.com/photos/bribri/48170924981/","BriYYZ","https://www.flickr.com/photos/bribri/","CC-BY-SA-2.0"
"B77W","aircraft_type_pictures/B77W.jpg","https://www.flickr.com/photos/ajw1970/49070838773/","Alan Wilson","https://www.flickr.com/photos/ajw1970/","CC-BY-SA-2.0"
"B788","aircraft_type_pictures/B788.jpg","https://www.flickr.com/photos/byeangel/18123480165/","byeangel","https://www.flickr.com/photos/byeangel/","CC-BY-SA-2.0"
"B789","aircraft_type_pictures/B789.jpg","https://www.flickr.com/photos/130961247@N06/39355311620/","Anna Zvereva","https://www.flickr.com/photos/130961247@N06/","CC-BY-SA-2.0"
"B78X","aircraft_type_pictures/B78X.jpg","https://www.flickr.com/photos/nakrnsm/32696462687/","Patrick Feller","https://www.flickr.com/photos/nakrnsm/","CC-BY-2.0"
"BCAT","aircraft_type_pictures/BCAT.jpg","https://www.flickr.com/photos/ajw1970/14718633914/","Alan Wilson","https://www.flickr.com/photos/ajw1970/","CC-BY-SA-2.0"
"BCS1","aircraft_type_pictures/BCS1.jpg","https://www.flickr.com/photos/78631472@N03/46486947785/","Markus Eigenheer","https://www.flickr.com/photos/78631472@N03/","CC-BY-SA-2.0"
"BCS3","aircraft_type_pictures/BCS3.jpg","https://www.flickr.com/photos/lynothehammer/47155912421/","Steve Lynes","https://www.flickr.com/photos/lynothehammer/","CC-BY-2.0"
"BE10","aircraft_type_pictures/BE10.jpg","https://www.flickr.com/photos/wiltshirespotter/13921186068/","Pete Webber","https://www.flickr.com/photos/wiltshirespotter/","CC-BY-SA-2.0"
"BE17","aircraft_type_pictures/BE17.jpg","https://www.flickr.com/photos/fun_flying/970977710/","D. Miller","https://www.flickr.com/photos/fun_flying/","CC-BY-2.0"
"BE18","aircraft_type_pictures/BE18.jpg","https://www.flickr.com/photos/fun_flying/1112253686/","D. Miller","https://www.flickr.com/photos/fun_flying/","CC-BY-2.0"
"BE20","aircraft_type_pictures/BE20.jpg","https://www.flickr.com/photos/tomasdelcoro/5470180368/","Tomás Del Coro","https://www.flickr.com/photos/tomasdelcoro/","CC-BY-SA-2.0"
"BE30","aircraft_type_pictures/BE30.jpg","https://www.flickr.com/photos/tomasdelcoro/5050308064/","Tomás Del Coro","https://www.flickr.com/photos/tomasdelcoro/","CC-BY-SA-2.0"
"BE33","aircraft_type_pictures/BE33.jpg","https://www.flickr.com/photos/ajw1970/8439631342/","Alan Wilson","https://www.flickr.com/photos/ajw1970/","CC-BY-SA-2.0"
"BE35","aircraft_type_pictures/BE35.jpg","https://www.flickr.com/photos/95512093@N05/29990849026/","James","https://www.flickr.com/photos/95512093@N05/","CC-BY-SA-2.0"
"BE36","aircraft_type_pictures/BE36.jpg","https://www.flickr.com/photos/tomasdelcoro/7757064500/","Tomás Del Coro","https://www.flickr.com/photos/tomasdelcoro/","CC-BY-SA-2.0"
"BE40","aircraft_type_pictures/BE40.jpg","https://www.flickr.com/photos/wiltshirespotter/17005699929/","Pete Webber","https://www.flickr.com/photos/wiltshirespotter/","CC-BY-SA-2.0"
"BE50","aircraft_type_pictures/BE50.jpg","https://www.flickr.com/photos/37467370@N08/7397906916/","Greg Goebel","https://www.flickr.com/photos/37467370@N08/","CC-BY-SA-2.0"
"BE55","aircraft_type_pictures/BE55.jpg","https://www.flickr.com/photos/tomasdelcoro/27879948090/","Tomás Del Coro","https://www.flickr.com/photos/tomasdelcoro/","CC-BY-SA-2.0"
"BE58","aircraft_type_pictures/BE58.jpg","https://www.flickr.com/photos/ajw1970/9201357345/","Alan Wilson","https://www.flickr.com/photos/ajw1970/","CC-BY-SA-2.0"
"BE60","aircraft_type_pictures/BE60.jpg","https://www.flickr.com/photos/flissphil/2801621755/","Phillip Capper","https://www.flickr.com/photos/flissphil/","CC-BY-2.0"
"BE65","aircraft_type_pictures/BE65.jpg","https://www.flickr.com/photos/wiltshirespotter/16364087595/","Pete Webber","https://www.flickr.com/photos/wiltshirespotter/","CC-BY-SA-2.0"
"BE70","aircraft_type_pictures/BE70.jpg","https://www.flickr.com/photos/lynothehammer/44277004801/","Steve Lynes","https://www.flickr.com/photos/lynothehammer/","CC-BY-2.0"
"BE76","aircraft_type_pictures/BE76.jpg","https://www.flickr.com/photos/wiltshirespotter/14934681217/","Pete Webber","https://www.flickr.com/photos/wiltshirespotter/","CC-BY-SA-2.0"
"BE77","aircraft_type_pictures/BE77.jpg","https://www.flickr.com/photos/wiltshirespotter/14104533051/","Pete Webber","https://www.flickr.com/photos/wiltshirespotter/","CC-BY-SA-2.0"
"BE95","aircraft_type_pictures/BE95.jpg","https://www.flickr.com/photos/tomasdelcoro/28056507482/","Tomás Del Coro","https://www.flickr.com/photos/tomasdelcoro/","CC-BY-SA-2.0"
"BE99","aircraft_type_pictures/BE99.jpg","https://www.flickr.com/photos/95512093@N05/28212957801/","James","https://www.flickr.com/photos/95512093@N05/","CC-BY-SA-2.0"
"BE9L","aircraft_type_pictures/BE9L.jpg","https://www.flickr.com/photos/ajw1970/29092362096/","Alan Wilson","https://www.flickr.com/photos/ajw1970/","CC-BY-SA-2.0"
"BE9T","aircraft_type_pictures/BE9T.jpg","https://www.flickr.com/photos/awilson154/7018806851/","Alec Wilson","https://www.flickr.com/photos/awilson154/","CC-BY-SA-2.0"
"BLCF","aircraft_type_pictures/BLCF.jpg","https://www.flickr.com/photos/airlines470/22027388794/","ERIC SALARD","https://www.flickr.com/photos/airlines470/","CC-BY-SA-2.0"
"BSCA","aircraft_type_pictures/BSCA.jpg","https://www.flickr.com/photos/nasahubble/28136831222/","NASA Hubble Space Telescope","https://www.flickr.com/photos/nasahubble/","CC-BY-2.0"
"BT36","aircraft_type_pictures/BT36.jpg","https://www.flickr.com/photos/satransport/17002040385/","Bob Adams","https://www.flickr.com/photos/satransport/","CC-BY-SA-2.0"
"BU31","aircraft_type_pictures/BU31.jpg","https://www.flickr.com/photos/airlines470/44842034612/","ERIC SALARD","https://www.flickr.com/photos/airlines470/","CC-BY-SA-2.0"
"BU33","aircraft_type_pictures/BU33.jpg","https://www.flickr.com/photos/24739551@N03/43078008040/","Mike Burdett","https://www.flickr.com/photos/24739551@N03/","CC-BY-SA-2.0"
"BU81","aircraft_type_pictures/BU81.jpg","https://www.flickr.com/photos/jonnyb558/7945750490/","John5199","https://www.flickr.com/photos/jonnyb558/","CC-BY-2.0"
"C101","aircraft_type_pictures/C101.jpg","https://www.flickr.com/photos/elentir/14756457213/","Contando Estrelas","https://www.flickr.com/photos/elentir/","CC-BY-SA-2.0"
"C120","aircraft_type_pictures/C120.jpg","https://www.flickr.com/photos/ajw1970/34125747015/","Alan Wilson","https://www.flickr.com/photos/ajw1970/","CC-BY-SA-2.0"
"C125","aircraft_type_pictures/C125.jpg","https://www.flickr.com/photos/tom-margie/2999578359/","Insomnia Cured Here","https://www.flickr.com/photos/tom-margie/","CC0-1.0"
"C130","aircraft_type_pictures/C130.jpg","https://www.flickr.com/photos/98714794@N08/15610612756/","Tim Spouge","https://www.flickr.com/photos/98714794@N08/","CC-BY-ND-2.0"
"C133","aircraft_type_pictures/C133.jpg","https://www.flickr.com/photos/tom-margie/2999583963/","Insomnia Cured Here","https://www.flickr.com/photos/tom-margie/","CC0-1.0"
"C135","aircraft_type_pictures/C135.jpg","https://www.flickr.com/photos/ajw1970/16766656882/","Alan Wilson","https://www.flickr.com/photos/ajw1970/","CC-BY-SA-2.0"
"C140","aircraft_type_pictures/C140.jpg","https://www.flickr.com/photos/wiltshirespotter/13921426468/","Pete Webber","https://www.flickr.com/photos/wiltshirespotter/","CC-BY-SA-2.0"
"C141","aircraft_type_pictures/C141.jpg","https://www.flickr.com/photos/my_public_domain_photos/9260624074/","Robert Sullivan","https://www.flickr.com/photos/my_public_domain_photos/","CC0-1.0"
"C15","aircraft_type_pictures/C15.jpg","https://www.flickr.com/photos/ajw1970/27212578914/","Alan Wilson","https://www.flickr.com/photos/ajw1970/","CC-BY-SA-2.0"
"C150","aircraft_type_pictures/C150.jpg","https://www.flickr.com/photos/34153108@N06/7077173489/","Gerard van der Schaaf","https://www.flickr.com/photos/34153108@N06/","CC-BY-2.0"
"C152","aircraft_type_pictures/C152.jpg","https://www.flickr.com/photos/ajw1970/29583083337/","Alan Wilson","https://www.flickr.com/photos/ajw1970/","CC-BY-SA-2.0"
"C162","aircraft_type_pictures/C162.jpg","https://www.flickr.com/photos/smjb/6961383305/","Simon Yeo","https://www.flickr.com/photos/smjb/","CC-BY-2.0"
"C17","aircraft_type_pictures/C17.jpg","https://www.flickr.com/photos/24874528@N04/45851804805/","Airwolfhound","https://www.flickr.com/photos/24874528@N04/","CC-BY-SA-2.0"
"C170","aircraft_type_pictures/C170.jpg","https://www.flickr.com/photos/satransport/23992216449/","Bob Adams","https://www.flickr.com/photos/satransport/","CC-BY-SA-2.0"
"C172","aircraft_type_pictures/C172.jpg","https://www.flickr.com/photos/ajw1970/49480101361/","Alan Wilson","https://www.flickr.com/photos/ajw1970/","CC-BY-SA-2.0"
"C175","aircraft_type_pictures/C175.jpg","https://www.flickr.com/photos/wiltshirespotter/20000172766/","Pete Webber","https://www.flickr.com/photos/wiltshirespotter/","CC-BY-SA-2.0"
"C177","aircraft_type_pictures/C177.jpg","https://www.flickr.com/photos/wiltshirespotter/15014424659/","Pete Webber","https://www.flickr.com/photos/wiltshirespotter/","CC-BY-SA-2.0"
"C180","aircraft_type_pictures/C180.jpg","https://www.flickr.com/photos/wiltshirespotter/20000023526/","Pete Webber","https://www.flickr.com/photos/wiltshirespotter/","CC-BY-SA-2.0"
"C182","aircraft_type_pictures/C182.jpg","https://www.flickr.com/photos/ajw1970/44033751650/","Alan Wilson","https://www.flickr.com/photos/ajw1970/","CC-BY-SA-2.0"
"C185","aircraft_type_pictures/C185.jpg","https://www.flickr.com/photos/wiltshirespotter/14108155814/","Pete Webber","https://www.flickr.com/photos/wiltshirespotter/","CC-BY-SA-2.0"
"C188","aircraft_type_pictures/C188.jpg","https://www.flickr.com/photos/wiltshirespotter/14127833503/","Pete Webber","https://www.flickr.com/photos/wiltshirespotter/","CC-BY-SA-2.0"
"C190","aircraft_type_pictures/C190.jpg","https://www.flickr.com/photos/fun_flying/2770243122/","D. Miller","https://www.flickr.com/photos/fun_flying/","CC-BY-2.0"
"C195","aircraft_type_pictures/C195.jpg","https://www.flickr.com/photos/phliar/21899871749/","Phliar","https://www.flickr.com/photos/phliar/","CC-BY-SA-2.0"
"C2","aircraft_type_pictures/C2.jpg","https://www.flickr.com/photos/109661044@N07/16218246088/","Rob Schleiffert","https://www.flickr.com/photos/109661044@N07/","CC-BY-SA-2.0"
"C206","aircraft_type_pictures/C206.jpg","https://www.flickr.com/photos/wiltshirespotter/14114364544/","Pete Webber","https://www.flickr.com/photos/wiltshirespotter/","CC-BY-SA-2.0"
"C207","aircraft_type_pictures/C207.jpg","https://www.flickr.com/photos/rosedale7175/38958076812/","Rosedale7175","https://www.flickr.com/photos/rosedale7175/","CC-BY-SA-2.0"
"C208","aircraft_type_pictures/C208.jpg","https://www.flickr.com/photos/hisgett/14393025835/","Tony Hisgett","https://www.flickr.com/photos/hisgett/","CC-BY-2.0"
"C210","aircraft_type_pictures/C210.jpg","https://www.flickr.com/photos/wiltshirespotter/14193019146/","Pete Webber","https://www.flickr.com/photos/wiltshirespotter/","CC-BY-SA-2.0"
"C212","aircraft_type_pictures/C212.jpg","https://www.flickr.com/photos/awilson154/27007080095/","Alec Wilson","https://www.flickr.com/photos/awilson154/","CC-BY-SA-2.0"
"C240","aircraft_type_pictures/C240.jpg","https://www.flickr.com/photos/awilson154/24906563656/","Alec Wilson","https://www.flickr.com/photos/awilson154/","CC-BY-SA-2.0"
"C25A","aircraft_type_pictures/C25A.jpg","https://www.flickr.com/photos/ajw1970/15272760833/","Alan Wilson","https://www.flickr.com/photos/ajw1970/","CC-BY-SA-2.0"
"C25B","aircraft_type_pictures/C25B.jpg","https://www.flickr.com/photos/ajw1970/44090780632/","Alan Wilson","https://www.flickr.com/photos/ajw1970/","CC-BY-SA-2.0"
"C25C","aircraft_type_pictures/C25C.jpg","https://www.flickr.com/photos/ajw1970/47903236311/","Alan Wilson","https://www.flickr.com/photos/ajw1970/","CC-BY-SA-2.0"
"C25M","aircraft_type_pictures/C25M.jpg","https://www.flickr.com/photos/78631472@N03/31509679978/","Markus Eigenheer","https://www.flickr.com/photos/78631472@N03/","CC-BY-SA-2.0"
"C295","aircraft_type_pictures/C295.jpg","https://www.flickr.com/photos/24874528@N04/38101645435/","Airwolfhound","https://www.flickr.com/photos/24874528@N04/","CC-BY-SA-2.0"
"C303","aircraft_type_pictures/C303.jpg","https://www.flickr.com/photos/gartenfreuden/34519247853/","Dornenwolf","https://www.flickr.com/photos/gartenfreuden/","CC-BY-2.0"
"C30J","aircraft_type_pictures/C30J.jpg","https://www.flickr.com/photos/andrew_arch/5600191071/","Andrew Arch","https://www.flickr.com/photos/andrew_arch/","CC-BY-SA-2.0"
"C310","aircraft_type_pictures/C310.jpg","https://www.flickr.com/photos/95512093@N05/25107007684/","James","https://www.flickr.com/photos/95512093@N05/","CC-BY-SA-2.0"
"C320","aircraft_type_pictures/C320.jpg","https://www.flickr.com/photos/wiltshirespotter/15014651788/","Pete Webber","https://www.flickr.com/photos/wiltshirespotter/","CC-BY-SA-2.0"
"C336","aircraft_type_pictures/C336.jpg","https://www.flickr.com/photos/51811543@N08/49668568906/","FotoSleuth","https://www.flickr.com/photos/51811543@N08/","CC-BY-2.0"
"C337","aircraft_type_pictures/C337.jpg","https://www.flickr.com/photos/satransport/6779719238/","Bob Adams","https://www.flickr.com/photos/satransport/","CC-BY-SA-2.0"
"C340","aircraft_type_pictures/C340.jpg","https://www.flickr.com/photos/95512093@N05/27214728806/","James","https://www.flickr.com/photos/95512093@N05/","CC-BY-SA-2.0"
"C402","aircraft_type_pictures/C402.jpg","https://www.flickr.com/photos/wiltshirespotter/14295792733/","Pete Webber","https://www.flickr.com/photos/wiltshirespotter/","CC-BY-SA-2.0"
"C404","aircraft_type_pictures/C404.jpg","https://www.flickr.com/photos/131806380@N05/36923303660/","Rob Hodgkins","https://www.flickr.com/photos/131806380@N05/","CC-BY-SA-2.0"
"C411","aircraft_type_pictures/C411.jpg","https://www.flickr.com/photos/awilson154/10794641166/","Alec Wilson","https://www.flickr.com/photos/awilson154/","CC-BY-SA-2.0"
"C414","aircraft_type_pictures/C414.jpg","https://www.flickr.com/photos/24739551@N03/41739015480/","Mike Burdett","https://www.flickr.com/photos/24739551@N03/","CC-BY-SA-2.0"
"C421","aircraft_type_pictures/C421.jpg","https://www.flickr.com/photos/63366024@N00/293274079/","Cory W. Watts","https://www.flickr.com/photos/63366024@N00/","CC-BY-SA-2.0"
"C425","aircraft_type_pictures/C425.jpg","https://www.flickr.com/photos/95512093@N05/29055411285/","James","https://www.flickr.com/photos/95512093@N05/","CC-BY-SA-2.0"
"C441","aircraft_type_pictures/C441.jpg","https://www.flickr.com/photos/tomasdelcoro/6832531090/","Tomás Del Coro","https://www.flickr.com/photos/tomasdelcoro/","CC-BY-SA-2.0"
"C5","aircraft_type_pictures/C5.jpg","https://www.flickr.com/photos/darren_hall/5742924236/","D464-Darren Hall","https://www.flickr.com/photos/darren_hall/","CC-BY-SA-2.0"
"C500","aircraft_type_pictures/C500.jpg","https://www.flickr.com/photos/95512093@N05/35888471435/","James","https://www.flickr.com/photos/95512093@N05/","CC-BY-SA-2.0"
"C501","aircraft_type_pictures/C501.jpg","https://www.flickr.com/photos/95512093@N05/42195515491/","James","https://www.flickr.com/photos/95512093@N05/","CC-BY-SA-2.0"
"C510","aircraft_type_pictures/C510.jpg","https://www.flickr.com/photos/95512093@N05/39759588651/","James","https://www.flickr.com/photos/95512093@N05/","CC-BY-SA-2.0"
"C525","aircraft_type_pictures/C525.jpg","https://www.flickr.com/photos/wiltshirespotter/14846489300/","Pete Webber","https://www.flickr.com/photos/wiltshirespotter/","CC-BY-SA-2.0"
"C550","aircraft_type_pictures/C550.jpg","https://www.flickr.com/photos/ajw1970/49318869141/","Alan Wilson","https://www.flickr.com/photos/ajw1970/","CC-BY-SA-2.0"
"C551","aircraft_type_pictures/C551.jpg","https://www.flickr.com/photos/markyharky/8478918001/","Mark Harkin","https://www.flickr.com/photos/markyharky/","CC-BY-2.0"
"C55B","aircraft_type_pictures/C55B.jpg","https://www.flickr.com/photos/ronmacphotos/14521579757/","Ronnie Macdonald","https://www.flickr.com/photos/ronmacphotos/","CC-BY-2.0"
"C560","aircraft_type_pictures/C560.jpg","https://www.flickr.com/photos/ajw1970/32711731237/","Alan Wilson","https://www.flickr.com/photos/ajw1970/","CC-BY-SA-2.0"
"C56X","aircraft_type_pictures/C56X.jpg","https://www.flickr.com/photos/lynothehammer/49806023856/","Steve Lynes","https://www.flickr.com/photos/lynothehammer/","CC-BY-2.0"
"C5M","aircraft_type_pictures/C5M.jpg","https://www.flickr.com/photos/janitors/32511689324/","Kārlis Dambrāns","https://www.flickr.com/photos/janitors/","CC-BY-2.0"
"C650","aircraft_type_pictures/C650.jpg","https://www.flickr.com/photos/levien66/27226194902/","Transport Pixels","https://www.flickr.com/photos/levien66/","CC-BY-2.0"
"C680","aircraft_type_pictures/C680.jpg","https://www.flickr.com/photos/ajw1970/49684440806/","Alan Wilson","https://www.flickr.com/photos/ajw1970/","CC-BY-SA-2.0"
"C68A","aircraft_type_pictures/C68A.jpg","https://www.flickr.com/photos/78631472@N03/48060239223/","Markus Eigenheer","https://www.flickr.com/photos/78631472@N03/","CC-BY-SA-2.0"
"C700","aircraft_type_pictures/C700.jpg","https://www.flickr.com/photos/cwkarl/29777761621/","Charly W. Karl","https://www.flickr.com/photos/cwkarl/","CC-BY-ND-2.0"
"C72R","aircraft_type_pictures/C72R.jpg","https://www.flickr.com/photos/wiltshirespotter/19405330843/","Pete Webber","https://www.flickr.com/photos/wiltshirespotter/","CC-BY-SA-2.0"
"C750","aircraft_type_pictures/C750.jpg","https://www.flickr.com/photos/24874528@N04/16293073561/","Airwolfhound","https://www.flickr.com/photos/24874528@N04/","CC-BY-SA-2.0"
"C77R","aircraft_type_pictures/C77R.jpg","https://www.flickr.com/photos/ajw1970/45850483461/","Alan Wilson","https://www.flickr.com/photos/ajw1970/","CC-BY-SA-2.0"
"C82R","aircraft_type_pictures/C82R.jpg","https://www.flickr.com/photos/24739551@N03/35824038716/","Mike Burdett","https://www.flickr.com/photos/24739551@N03/","CC-BY-SA-2.0"
"C82S","aircraft_type_pictures/C82S.jpg","https://www.flickr.com/photos/ajw1970/28503239904/","Alan Wilson","https://www.flickr.com/photos/ajw1970/","CC-BY-SA-2.0"
"C82T","aircraft_type_pictures/C82T.jpg","https://www.flickr.com/photos/16633132@N04/17545449354/","Ronnie Robertson","https://www.flickr.com/photos/16633132@N04/","CC-BY-SA-2.0"
"C97","aircraft_type_pictures/C97.jpg","https://www.flickr.com/photos/ajw1970/11538709456/","Alan Wilson","https://www.flickr.com/photos/ajw1970/","CC-BY-SA-2.0"
"CAW","aircraft_type_pictures/CAW.jpg","https://www.flickr.com/photos/34076827@N00/4730900900/","Bill Larkins","https://www.flickr.com/photos/34076827@N00/","CC-BY-SA-2.0"
"CDC6","aircraft_type_pictures/CDC6.jpg","https://www.flickr.com/photos/sdasmarchives/4590343386/","SDASM Archives","https://www.flickr.com/photos/sdasmarchives/","CC0-1.0"
"CL30","aircraft_type_pictures/CL30.jpg","https://www.flickr.com/photos/byeangel/15091786477/","byeangel","https://www.flickr.com/photos/byeangel/","CC-BY-SA-2.0"
"CL35","aircraft_type_pictures/CL35.jpg","https://www.flickr.com/photos/lynothehammer/43116222521/","Steve Lynes","https://www.flickr.com/photos/lynothehammer/","CC-BY-2.0"
"CL60","aircraft_type_pictures/CL60.jpg","https://www.flickr.com/photos/78631472@N03/47941786292/","Markus Eigenheer","https://www.flickr.com/photos/78631472@N03/","CC-BY-SA-2.0"
"CMAS","aircraft_type_pictures/CMAS.jpg","https://www.flickr.com/photos/wiltshirespotter/20031629111/","Pete Webber","https://www.flickr.com/photos/wiltshirespotter/","CC-BY-SA-2.0"
"CN35","aircraft_type_pictures/CN35.jpg","https://www.flickr.com/photos/markyharky/22589315058/","Mark Harkin","https://www.flickr.com/photos/markyharky/","CC-BY-2.0"
"COL4","aircraft_type_pictures/COL4.jpg","https://www.flickr.com/photos/34076827@N00/11830382393/","Bill Larkins","https://www.flickr.com/photos/34076827@N00/","CC-BY-SA-2.0"
"CONI","aircraft_type_pictures/CONI.jpg","https://www.flickr.com/photos/109661044@N07/17645251359/","Rob Schleiffert","https://www.flickr.com/photos/109661044@N07/","CC-BY-SA-2.0"
"CRJ1","aircraft_type_pictures/CRJ1.jpg","https://www.flickr.com/photos/fireballsg72/4364001719/","ken H","https://www.flickr.com/photos/fireballsg72/","CC-BY-SA-2.0"
"CRJ2","aircraft_type_pictures/CRJ2.jpg","https://www.flickr.com/photos/bribri/45035121865/","BriYYZ","https://www.flickr.com/photos/bribri/","CC-BY-SA-2.0"
"CRJ7","aircraft_type_pictures/CRJ7.jpg","https://www.flickr.com/photos/ajw1970/49855834156/","Alan Wilson","https://www.flickr.com/photos/ajw1970/","CC-BY-SA-2.0"
"CRJ9","aircraft_type_pictures/CRJ9.jpg","https://www.flickr.com/photos/ajw1970/32195030176/","Alan Wilson","https://www.flickr.com/photos/ajw1970/","CC-BY-SA-2.0"
"CRJX","aircraft_type_pictures/CRJX.jpg","https://www.flickr.com/photos/ajw1970/49860079501/","Alan Wilson","https://www.flickr.com/photos/ajw1970/","CC-BY-SA-2.0"
"CRUZ","aircraft_type_pictures/CRUZ.jpg","https://www.flickr.com/photos/24739551@N03/36353824974/","Mike Burdett","https://www.flickr.com/photos/24739551@N03/","CC-BY-SA-2.0"
"D11","aircraft_type_pictures/D11.jpg","https://www.flickr.com/photos/24739551@N03/44890421271/","Mike Burdett","https://www.flickr.com/photos/24739551@N03/","CC-BY-SA-2.0"
"DC10","aircraft_type_pictures/DC10.jpg","https://www.flickr.com/photos/lynothehammer/49834604028/","Steve Lynes","https://www.flickr.com/photos/lynothehammer/","CC-BY-2.0"
"DC2","aircraft_type_pictures/DC2.jpg","https://www.flickr.com/photos/faceme/3657695508/","FaceMePLS","https://www.flickr.com/photos/faceme/","CC-BY-2.0"
"DC3","aircraft_type_pictures/DC3.jpg","https://www.flickr.com/photos/kenfcd/48026602057/","Ken Dyer","https://www.flickr.com/photos/kenfcd/","CC-BY-2.0"
"DC3S","aircraft_type_pictures/DC3S.jpg","https://www.flickr.com/photos/jeroenstroesphotography/42997547210/","Jeroen Stroes Aviation Photography","https://www.flickr.com/photos/jeroenstroesphotography/","CC-BY-2.0"
"DC3T","aircraft_type_pictures/DC3T.jpg","https://www.flickr.com/photos/trevorhannant/14037872822/","Trevor Hannant","https://www.flickr.com/photos/trevorhannant/","CC-BY-SA-2.0"
"DC4","aircraft_type_pictures/DC4.jpg","https://www.flickr.com/photos/34076827@N00/6860567749/","Bill Larkins","https://www.flickr.com/photos/34076827@N00/","CC-BY-SA-2.0"
"DC6","aircraft_type_pictures/DC6.jpg","https://www.flickr.com/photos/jabberwock/2692965888/","Steve Elliott","https://www.flickr.com/photos/jabberwock/","CC-BY-SA-2.0"
"DC7","aircraft_type_pictures/DC7.jpg","https://www.flickr.com/photos/34076827@N00/4922121917/","Bill Larkins","https://www.flickr.com/photos/34076827@N00/","CC-BY-SA-2.0"
"DC85","aircraft_type_pictures/DC85.jpg","https://www.flickr.com/photos/aero_icarus/5552617505/","Aero Icarus","https://www.flickr.com/photos/aero_icarus/","CC-BY-SA-2.0"
"DC86","aircraft_type_pictures/DC86.jpg","https://www.flickr.com/photos/aero_icarus/8075167946/","Aero Icarus","https://www.flickr.com/photos/aero_icarus/","CC-BY-SA-2.0"
"DC87","aircraft_type_pictures/DC87.jpg","https://www.flickr.com/photos/aero_icarus/7282894354/","Aero Icarus","https://www.flickr.com/photos/aero_icarus/","CC-BY-SA-2.0"
"DC91","aircraft_type_pictures/DC91.jpg","https://www.flickr.com/photos/aero_icarus/5864486591/","Aero Icarus","https://www.flickr.com/photos/aero_icarus/","CC-BY-SA-2.0"
"DC92","aircraft_type_pictures/DC92.jpg","https://www.flickr.com/photos/aero_icarus/5134777101/","Aero Icarus","https://www.flickr.com/photos/aero_icarus/","CC-BY-SA-2.0"
"DC93","aircraft_type_pictures/DC93.jpg","https://www.flickr.com/photos/aero_icarus/8075204847/","Aero Icarus","https://www.flickr.com/photos/aero_icarus/","CC-BY-SA-2.0"
"DC94","aircraft_type_pictures/DC94.jpg","https://www.flickr.com/photos/63366024@N00/365374414/","Cory W. Watts","https://www.flickr.com/photos/63366024@N00/","CC-BY-SA-2.0"
"DC95","aircraft_type_pictures/DC95.jpg","https://www.flickr.com/photos/ajw1970/11243790315/","Alan Wilson","https://www.flickr.com/photos/ajw1970/","CC-BY-SA-2.0"
"E110","aircraft_type_pictures/E110.jpg","https://www.flickr.com/photos/131806380@N05/26453684390/","Rob Hodgkins","https://www.flickr.com/photos/131806380@N05/","CC-BY-SA-2.0"
"E120","aircraft_type_pictures/E120.jpg","https://www.flickr.com/photos/airlines470/26322494726/","ERIC SALARD","https://www.flickr.com/photos/airlines470/","CC-BY-SA-2.0"
"E121","aircraft_type_pictures/E121.jpg","https://www.flickr.com/photos/ronmacphotos/48707126877/","Ronnie Macdonald","https://www.flickr.com/photos/ronmacphotos/","CC-BY-2.0"
"E135","aircraft_type_pictures/E135.jpg","https://www.flickr.com/photos/24874528@N04/10906059133/","Airwolfhound","https://www.flickr.com/photos/24874528@N04/","CC-BY-SA-2.0"
"E145","aircraft_type_pictures/E145.jpg","https://www.flickr.com/photos/24874528@N04/46766986101/","Airwolfhound","https://www.flickr.com/photos/24874528@N04/","CC-BY-SA-2.0"
"E170","aircraft_type_pictures/E170.jpg","https://www.flickr.com/photos/kentaroiemoto/4240216367/","Kentaro IEMOTO","https://www.flickr.com/photos/kentaroiemoto/","CC-BY-SA-2.0"
"E190","aircraft_type_pictures/E190.jpg","https://www.flickr.com/photos/78631472@N03/49390571493/","Markus Eigenheer","https://www.flickr.com/photos/78631472@N03/","CC-BY-SA-2.0"
"E195","aircraft_type_pictures/E195.jpg","https://www.flickr.com/photos/34153108@N06/25478327560/","Gerard van der Schaaf","https://www.flickr.com/photos/34153108@N06/","CC-BY-2.0"
"E2","aircraft_type_pictures/E2.jpg","https://www.flickr.com/photos/ajw1970/24074132691/","Alan Wilson","https://www.flickr.com/photos/ajw1970/","CC-BY-SA-2.0"
"E314","aircraft_type_pictures/E314.jpg","https://www.flickr.com/photos/mashleymorgan/3864956446/","mashleymorgan","https://www.flickr.com/photos/mashleymorgan/","CC-BY-SA-2.0"
"E350","aircraft_type_pictures/E350.jpg","https://www.flickr.com/photos/ajw1970/46072263322/","Alan Wilson","https://www.flickr.com/photos/ajw1970/","CC-BY-SA-2.0"
"E35L","aircraft_type_pictures/E35L.jpg","https://www.flickr.com/photos/130961247@N06/33789251588/","Anna Zvereva","https://www.flickr.com/photos/130961247@N06/","CC-BY-SA-2.0"
"E3CF","aircraft_type_pictures/E3CF.jpg","https://www.flickr.com/photos/clemensv/15052835139/","Clemens Vasters","https://www.flickr.com/photos/clemensv/","CC-BY-2.0"
"E3TF","aircraft_type_pictures/E3TF.jpg","https://www.flickr.com/photos/clemensv/15052835139/","Clemens Vasters","https://www.flickr.com/photos/clemensv/","CC-BY-2.0"
"E45X","aircraft_type_pictures/E45X.jpg","https://www.flickr.com/photos/aero_icarus/8505880037/","Aero Icarus","https://www.flickr.com/photos/aero_icarus/","CC-BY-SA-2.0"
"E50P","aircraft_type_pictures/E50P.jpg","https://www.flickr.com/photos/lynothehammer/47395461101/","Steve Lynes","https://www.flickr.com/photos/lynothehammer/","CC-BY-2.0"
"E545","aircraft_type_pictures/E545.jpg","https://www.flickr.com/photos/78631472@N03/31561416228/","Markus Eigenheer","https://www.flickr.com/photos/78631472@N03/","CC-BY-SA-2.0"
"E550","aircraft_type_pictures/E550.jpg","https://www.flickr.com/photos/78631472@N03/46365772805/","Markus Eigenheer","https://www.flickr.com/photos/78631472@N03/","CC-BY-SA-2.0"
"E55P","aircraft_type_pictures/E55P.jpg","https://www.flickr.com/photos/78631472@N03/48884917836/","Markus Eigenheer","https://www.flickr.com/photos/78631472@N03/","CC-BY-SA-2.0"
"E6","aircraft_type_pictures/E6.jpg","https://www.flickr.com/photos/ajw1970/6853746621/","Alan Wilson","https://www.flickr.com/photos/ajw1970/","CC-BY-SA-2.0"
"E737","aircraft_type_pictures/E737.jpg","https://www.flickr.com/photos/tomasdelcoro/12196609265/","Tomás Del Coro","https://www.flickr.com/photos/tomasdelcoro/","CC-BY-SA-2.0"
"E75L","aircraft_type_pictures/E75L.jpg","https://www.flickr.com/photos/130961247@N06/49597689957/","Anna Zvereva","https://www.flickr.com/photos/130961247@N06/","CC-BY-SA-2.0"
"E75S","aircraft_type_pictures/E75S.jpg","https://www.flickr.com/photos/airlines470/48503047542/","ERIC  SALARD","https://www.flickr.com/photos/airlines470/","CC-BY-SA-2.0"
"E767","aircraft_type_pictures/E767.jpg","https://www.flickr.com/photos/ajw1970/40715295103/","Alan Wilson","https://www.flickr.com/photos/ajw1970/","CC-BY-SA-2.0"
"EC20","aircraft_type_pictures/EC20.jpg","https://www.flickr.com/photos/wiltshirespotter/15006780261/","Pete Webber","https://www.flickr.com/photos/wiltshirespotter/","CC-BY-SA-2.0"
"EC25","aircraft_type_pictures/EC25.jpg","https://www.flickr.com/photos/rotorpylon/19168992898/","Pablo Rada","https://www.flickr.com/photos/rotorpylon/","CC-BY-NC-2.0"
"EC30","aircraft_type_pictures/EC30.jpg","https://www.flickr.com/photos/prayitnophotography/31176587551/","Prayitno","https://www.flickr.com/photos/prayitnophotography/","CC-BY-2.0"
"EC35","aircraft_type_pictures/EC35.jpg","https://www.flickr.com/photos/24874528@N04/28393456015/","Airwolfhound","https://www.flickr.com/photos/24874528@N04/","CC-BY-SA-2.0"
"EC45","aircraft_type_pictures/EC45.jpg","https://www.flickr.com/photos/ajw1970/49684120918/","Alan Wilson","https://www.flickr.com/photos/ajw1970/","CC-BY-SA-2.0"
"EC55","aircraft_type_pictures/EC55.jpg","https://www.flickr.com/photos/130961247@N06/49580717471/","Anna Zvereva","https://www.flickr.com/photos/130961247@N06/","CC-BY-SA-2.0"
"EC75","aircraft_type_pictures/EC75.jpg","https://www.flickr.com/photos/16633132@N04/46093748631/","Ronnie Robertson","https://www.flickr.com/photos/16633132@N04/","CC-BY-SA-2.0"
"EFAN","aircraft_type_pictures/EFAN.jpg","https://www.flickr.com/photos/wiltshirespotter/14685035285/","Pete Webber","https://www.flickr.com/photos/wiltshirespotter/","CC-BY-SA-2.0"
"ERCO","aircraft_type_pictures/ERCO.jpg","https://www.flickr.com/photos/wiltshirespotter/19838345270/","Pete Webber","https://www.flickr.com/photos/wiltshirespotter/","CC-BY-SA-2.0"
"EUFI","aircraft_type_pictures/EUFI.jpg","https://www.flickr.com/photos/24874528@N04/48481769042/","Airwolfhound","https://www.flickr.com/photos/24874528@N04/","CC-BY-SA-2.0"
"EXPL","aircraft_type_pictures/EXPL.jpg","https://www.flickr.com/photos/kitmasterbloke/25791463064/","kitmasterbloke","https://www.flickr.com/photos/kitmasterbloke/","CC-BY-2.0"
"F104","aircraft_type_pictures/F104.jpg","https://www.flickr.com/photos/109661044@N07/17095303189/","Rob Schleiffert","https://www.flickr.com/photos/109661044@N07/","CC-BY-SA-2.0"
"F117","aircraft_type_pictures/F117.jpg","https://www.flickr.com/photos/ausdew/25574716240/","ausdew","https://www.flickr.com/photos/ausdew/","CC0-1.0"
"F14","aircraft_type_pictures/F14.jpg","https://www.flickr.com/photos/my_public_domain_photos/21587723219/","Robert Sullivan","https://www.flickr.com/photos/my_public_domain_photos/","CC0-1.0"
"F15","aircraft_type_pictures/F15.jpg","https://www.flickr.com/photos/alexlayzell/34165253741/","Alex Layzell","https://www.flickr.com/photos/alexlayzell/","CC-BY-SA-2.0"
"F16","aircraft_type_pictures/F16.jpg","https://www.flickr.com/photos/my_public_domain_photos/20083815132/","Robert Sullivan","https://www.flickr.com/photos/my_public_domain_photos/","CC0-1.0"
"F18H","aircraft_type_pictures/F18H.jpg","https://www.flickr.com/photos/24874528@N04/49788755131/","Airwolfhound","https://www.flickr.com/photos/24874528@N04/","CC-BY-SA-2.0"
"F18S","aircraft_type_pictures/F18S.jpg","https://www.flickr.com/photos/fireballsg72/8389537636/","ken H","https://www.flickr.com/photos/fireballsg72/","CC-BY-SA-2.0"
"F22","aircraft_type_pictures/F22.jpg","https://www.flickr.com/photos/24874528@N04/28540894493/","Airwolfhound","https://www.flickr.com/photos/24874528@N04/","CC-BY-SA-2.0"
"F2TH","aircraft_type_pictures/F2TH.jpg","https://www.flickr.com/photos/78631472@N03/48884388463/","Markus Eigenheer","https://www.flickr.com/photos/78631472@N03/","CC-BY-SA-2.0"
"F35","aircraft_type_pictures/F35.jpg","https://www.flickr.com/photos/tomasdelcoro/32665219031/","Tomás Del Coro","https://www.flickr.com/photos/tomasdelcoro/","CC-BY-SA-2.0"
"F3F","aircraft_type_pictures/F3F.jpg","https://www.flickr.com/photos/37467370@N08/7187085353/","Greg Goebel","https://www.flickr.com/photos/37467370@N08/","CC-BY-SA-2.0"
"F4","aircraft_type_pictures/F4.jpg","https://www.flickr.com/photos/ajw1970/48672889053/","Alan Wilson","https://www.flickr.com/photos/ajw1970/","CC-BY-SA-2.0"
"F406","aircraft_type_pictures/F406.jpg","https://www.flickr.com/photos/hisgett/34452600642/","Tony Hisgett","https://www.flickr.com/photos/hisgett/","CC-BY-2.0"
"F5","aircraft_type_pictures/F5.jpg","https://www.flickr.com/photos/109661044@N07/16746676315/","Rob Schleiffert","https://www.flickr.com/photos/109661044@N07/","CC-BY-SA-2.0"
"F9F","aircraft_type_pictures/F9F.jpg","https://www.flickr.com/photos/34076827@N00/6764130507/","Bill Larkins","https://www.flickr.com/photos/34076827@N00/","CC-BY-SA-2.0"
"FA7X","aircraft_type_pictures/FA7X.jpg","https://www.flickr.com/photos/130961247@N06/24014703847/","Anna Zvereva","https://www.flickr.com/photos/130961247@N06/","CC-BY-SA-2.0"
"FA8X","aircraft_type_pictures/FA8X.jpg","https://www.flickr.com/photos/78631472@N03/44379474065/","Markus Eigenheer","https://www.flickr.com/photos/78631472@N03/","CC-BY-SA-2.0"
"G159","aircraft_type_pictures/G159.jpg","https://www.flickr.com/photos/vinceaviation/14719724837/","Vincent Boyer","https://www.flickr.com/photos/vinceaviation/","CC-BY-2.0"
"G164","aircraft_type_pictures/G164.jpg","https://www.flickr.com/photos/volvob12b/8168124140/","Bernard Spragg. NZ","https://www.flickr.com/photos/volvob12b/","CC0-1.0"
"G21","aircraft_type_pictures/G21.jpg","https://www.flickr.com/photos/fun_flying/231474316/","D. Miller","https://www.flickr.com/photos/fun_flying/","CC-BY-2.0"
"G44","aircraft_type_pictures/G44.jpg","https://www.flickr.com/photos/fun_flying/969801637/","D. Miller","https://www.flickr.com/photos/fun_flying/","CC-BY-2.0"
"G64T","aircraft_type_pictures/G64T.jpg","https://www.flickr.com/photos/151887236@N05/35527014104/","R6, State & Private Forestry, Forest Health Protection","https://www.flickr.com/photos/151887236@N05/","CC0-1.0"
"G73","aircraft_type_pictures/G73.jpg","https://www.flickr.com/photos/fun_flying/970976204/","D. Miller","https://www.flickr.com/photos/fun_flying/","CC-BY-2.0"
"GA7","aircraft_type_pictures/GA7.jpg","https://www.flickr.com/photos/wiltshirespotter/14679780429/","Pete Webber","https://www.flickr.com/photos/wiltshirespotter/","CC-BY-SA-2.0"
"GL5T","aircraft_type_pictures/GL5T.jpg","https://www.flickr.com/photos/ronmacphotos/35431439294/","Ronnie Macdonald","https://www.flickr.com/photos/ronmacphotos/","CC-BY-2.0"
"GLEX","aircraft_type_pictures/GLEX.jpg","https://www.flickr.com/photos/airlines470/49822626502/","ERIC SALARD","https://www.flickr.com/photos/airlines470/","CC-BY-SA-2.0"
"GLF2","aircraft_type_pictures/GLF2.jpg","https://www.flickr.com/photos/tomasdelcoro/4582310798/","Tomás Del Coro","https://www.flickr.com/photos/tomasdelcoro/","CC-BY-SA-2.0"
"H160","aircraft_type_pictures/H160.jpg","https://www.flickr.com/photos/130961247@N06/49579577323/","Anna Zvereva","https://www.flickr.com/photos/130961247@N06/","CC-BY-SA-2.0"
"H269","aircraft_type_pictures/H269.jpg","https://www.flickr.com/photos/johanwieland/1138753020/","Johan Wieland","https://www.flickr.com/photos/johanwieland/","CC-BY-ND-2.0"
"H46","aircraft_type_pictures/H46.jpg","https://www.flickr.com/photos/fireballsg72/8752754629/","ken H","https://www.flickr.com/photos/fireballsg72/","CC-BY-SA-2.0"
"H47","aircraft_type_pictures/H47.jpg","https://www.flickr.com/photos/34153108@N06/16203734591/","Gerard van der Schaaf","https://www.flickr.com/photos/34153108@N06/","CC-BY-2.0"
"H500","aircraft_type_pictures/H500.jpg","https://www.flickr.com/photos/rantajanne/48648495608/","Janne Ranta","https://www.flickr.com/photos/rantajanne/","CC0-1.0"
"H53S","aircraft_type_pictures/H53S.jpg","https://www.flickr.com/photos/navalsurfaceforces/18837067366/","Naval Surface Warriors","https://www.flickr.com/photos/navalsurfaceforces/","CC-BY-SA-2.0"
"H60","aircraft_type_pictures/H60.jpg","https://www.flickr.com/photos/ajw1970/40679593933/","Alan Wilson","https://www.flickr.com/photos/ajw1970/","CC-BY-SA-2.0"
"H64","aircraft_type_pictures/H64.jpg","https://www.flickr.com/photos/34153108@N06/28043879755/","Gerard van der Schaaf","https://www.flickr.com/photos/34153108@N06/","CC-BY-2.0"
"HAR","aircraft_type_pictures/HAR.jpg","https://www.flickr.com/photos/24874528@N04/48585883167/","Airwolfhound","https://www.flickr.com/photos/24874528@N04/","CC-BY-SA-2.0"
"HAWK","aircraft_type_pictures/HAWK.jpg","https://www.flickr.com/photos/fernicola/6791507766/","Pablo Fernicola","https://www.flickr.com/photos/fernicola/","CC-BY-2.0"
"HCAT","aircraft_type_pictures/HCAT.jpg","https://www.flickr.com/photos/24874528@N04/16581440362/","Airwolfhound","https://www.flickr.com/photos/24874528@N04/","CC-BY-SA-2.0"
"HUCO","aircraft_type_pictures/HUCO.jpg","https://www.flickr.com/photos/cak757/29196307632/","Raymond Wambsgans","https://www.flickr.com/photos/cak757/","CC-BY-SA-2.0"
"J2","aircraft_type_pictures/J2.jpg","https://www.flickr.com/photos/ajw1970/49706107262/","Alan Wilson","https://www.flickr.com/photos/ajw1970/","CC-BY-SA-2.0"
"J3","aircraft_type_pictures/J3.jpg","https://www.flickr.com/photos/wiltshirespotter/14565563588/","Pete Webber","https://www.flickr.com/photos/wiltshirespotter/","CC-BY-SA-2.0"
"J4","aircraft_type_pictures/J4.jpg","https://www.flickr.com/photos/24739551@N03/35064853560/","Mike Burdett","https://www.flickr.com/photos/24739551@N03/","CC-BY-SA-2.0"
"J5","aircraft_type_pictures/J5.jpg","https://www.flickr.com/photos/wiltshirespotter/19839711909/","Pete Webber","https://www.flickr.com/photos/wiltshirespotter/","CC-BY-SA-2.0"
"K35E","aircraft_type_pictures/K35E.jpg","https://www.flickr.com/photos/tomasdelcoro/28515246041/","Tomás Del Coro","https://www.flickr.com/photos/tomasdelcoro/","CC-BY-SA-2.0"
"K35R","aircraft_type_pictures/K35R.jpg","https://www.flickr.com/photos/tomasdelcoro/28515246041/","Tomás Del Coro","https://www.flickr.com/photos/tomasdelcoro/","CC-BY-SA-2.0"
"KC39","aircraft_type_pictures/KC39.jpg","https://www.flickr.com/photos/lynothehammer/45566268564/","Steve Lynes","https://www.flickr.com/photos/lynothehammer/","CC-BY-2.0"
"L10","aircraft_type_pictures/L10.jpg","https://www.flickr.com/photos/bribri/7431998934/","BriYYZ","https://www.flickr.com/photos/bribri/","CC-BY-SA-2.0"
"L101","aircraft_type_pictures/L101.jpg","https://www.flickr.com/photos/aero_icarus/8591637003/","Aero Icarus","https://www.flickr.com/photos/aero_icarus/","CC-BY-SA-2.0"
"L12","aircraft_type_pictures/L12.jpg","https://www.flickr.com/photos/ajw1970/49819232942/","Alan Wilson","https://www.flickr.com/photos/ajw1970/","CC-BY-SA-2.0"
"L18","aircraft_type_pictures/L18.jpg","https://www.flickr.com/photos/jacksnell707/10365987054/","Jack Snell","https://www.flickr.com/photos/jacksnell707/","CC-BY-ND-2.0"
"L188","aircraft_type_pictures/L188.jpg","https://www.flickr.com/photos/34076827@N00/4773645890/","Bill Larkins","https://www.flickr.com/photos/34076827@N00/","CC-BY-SA-2.0"
"L29A","aircraft_type_pictures/L29A.jpg","https://www.flickr.com/photos/wiltshirespotter/14066308198/","Pete Webber","https://www.flickr.com/photos/wiltshirespotter/","CC-BY-SA-2.0"
"L29B","aircraft_type_pictures/L29B.jpg","https://www.flickr.com/photos/ajw1970/14922398204/","Alan Wilson","https://www.flickr.com/photos/ajw1970/","CC-BY-SA-2.0"
"LA60","aircraft_type_pictures/LA60.jpg","https://www.flickr.com/photos/wiltshirespotter/8453386767/","Pete Webber","https://www.flickr.com/photos/wiltshirespotter/","CC-BY-SA-2.0"
"M20T","aircraft_type_pictures/M20T.jpg","https://www.flickr.com/photos/awilson154/8686302051/","Alec Wilson","https://www.flickr.com/photos/awilson154/","CC-BY-SA-2.0"
"M22","aircraft_type_pictures/M22.jpg","https://www.flickr.com/photos/chrisgivan/43745355131/","Chris Givan","https://www.flickr.com/photos/chrisgivan/","CC-BY-SA-2.0"
"M600","aircraft_type_pictures/M600.jpg","https://www.flickr.com/photos/95512093@N05/48835421291/","James","https://www.flickr.com/photos/95512093@N05/","CC-BY-SA-2.0"
"MD11","aircraft_type_pictures/MD11.jpg","https://www.flickr.com/photos/24874528@N04/33815948516/","Airwolfhound","https://www.flickr.com/photos/24874528@N04/","CC-BY-SA-2.0"
"MD52","aircraft_type_pictures/MD52.jpg","https://www.flickr.com/photos/ajw1970/5918565082/","Alan Wilson","https://www.flickr.com/photos/ajw1970/","CC-BY-SA-2.0"
"MD60","aircraft_type_pictures/MD60.jpg","https://www.flickr.com/photos/wiltshirespotter/14983607205/","Pete Webber","https://www.flickr.com/photos/wiltshirespotter/","CC-BY-SA-2.0"
"MD81","aircraft_type_pictures/MD81.jpg","https://www.flickr.com/photos/fireballsg72/5079576461/","ken H","https://www.flickr.com/photos/fireballsg72/","CC-BY-SA-2.0"
"MD82","aircraft_type_pictures/MD82.jpg","https://www.flickr.com/photos/airlines470/49883776118/","ERIC SALARD","https://www.flickr.com/photos/airlines470/","CC-BY-SA-2.0"
"MD83","aircraft_type_pictures/MD83.jpg","https://www.flickr.com/photos/airlines470/17941131473/","ERIC SALARD","https://www.flickr.com/photos/airlines470/","CC-BY-SA-2.0"
"MD87","aircraft_type_pictures/MD87.jpg","https://www.flickr.com/photos/aero_icarus/4274743475/","Aero Icarus","https://www.flickr.com/photos/aero_icarus/","CC-BY-SA-2.0"
"MD88","aircraft_type_pictures/MD88.jpg","https://www.flickr.com/photos/ajw1970/39743097545/","Alan Wilson","https://www.flickr.com/photos/ajw1970/","CC-BY-SA-2.0"
"MD90","aircraft_type_pictures/MD90.jpg","https://www.flickr.com/photos/byeangel/13379359645/","byeangel","https://www.flickr.com/photos/byeangel/","CC-BY-SA-2.0"
"MIR2","aircraft_type_pictures/MIR2.jpg","https://www.flickr.com/photos/ajw1970/49324848877/","Alan Wilson","https://www.flickr.com/photos/ajw1970/","CC-BY-SA-2.0"
"MIRA","aircraft_type_pictures/MIRA.jpg","https://www.flickr.com/photos/109661044@N07/17017214482/","Rob Schleiffert","https://www.flickr.com/photos/109661044@N07/","CC-BY-SA-2.0"
"MITE","aircraft_type_pictures/MITE.jpg","https://www.flickr.com/photos/fun_flying/4750623297/","D. Miller","https://www.flickr.com/photos/fun_flying/","CC-BY-2.0"
"MRF1","aircraft_type_pictures/MRF1.jpg","https://www.flickr.com/photos/34153108@N06/8660068211/","Gerard van der Schaaf","https://www.flickr.com/photos/34153108@N06/","CC-BY-2.0"
"O1","aircraft_type_pictures/O1.jpg","https://www.flickr.com/photos/97930879@N02/10679716133/","Tommy Japan 79","https://www.flickr.com/photos/97930879@N02/","CC-BY-2.0"
"P2","aircraft_type_pictures/P2.jpg","https://www.flickr.com/photos/109661044@N07/16601612562/","Rob Schleiffert","https://www.flickr.com/photos/109661044@N07/","CC-BY-SA-2.0"
"P210","aircraft_type_pictures/P210.jpg","https://www.flickr.com/photos/tomasdelcoro/25928843737/","Tomás Del Coro","https://www.flickr.com/photos/tomasdelcoro/","CC-BY-SA-2.0"
"P28A","aircraft_type_pictures/P28A.jpg","https://www.flickr.com/photos/95512093@N05/35359958281/","James","https://www.flickr.com/photos/95512093@N05/","CC-BY-SA-2.0"
"P28B","aircraft_type_pictures/P28B.jpg","https://www.flickr.com/photos/24739551@N03/29676202088/","Mike Burdett","https://www.flickr.com/photos/24739551@N03/","CC-BY-SA-2.0"
"P28R","aircraft_type_pictures/P28R.jpg","https://www.flickr.com/photos/ajw1970/6935464510/","Alan Wilson","https://www.flickr.com/photos/ajw1970/","CC-BY-SA-2.0"
"P28S","aircraft_type_pictures/P28S.jpg","https://www.flickr.com/photos/24739551@N03/34761789456/","Mike Burdett","https://www.flickr.com/photos/24739551@N03/","CC-BY-SA-2.0"
"P28U","aircraft_type_pictures/P28U.jpg","https://www.flickr.com/photos/94250258@N02/37070082706/","Jonathan Winton Photography","https://www.flickr.com/photos/94250258@N02/","CC-BY-ND-2.0"
"P3","aircraft_type_pictures/P3.jpg","https://www.flickr.com/photos/109661044@N07/16563511885/","Rob Schleiffert","https://www.flickr.com/photos/109661044@N07/","CC-BY-SA-2.0"
"P32R","aircraft_type_pictures/P32R.jpg","https://www.flickr.com/photos/ajw1970/45734484262/","Alan Wilson","https://www.flickr.com/photos/ajw1970/","CC-BY-SA-2.0"
"P38","aircraft_type_pictures/P38.jpg","https://www.flickr.com/photos/lynothehammer/30176583758/","Steve Lynes","https://www.flickr.com/photos/lynothehammer/","CC-BY-2.0"
"P39","aircraft_type_pictures/P39.jpg","https://www.flickr.com/photos/37467370@N08/24520834325/","Greg Goebel","https://www.flickr.com/photos/37467370@N08/","CC0-1.0"
"P46T","aircraft_type_pictures/P46T.jpg","https://www.flickr.com/photos/24739551@N03/43547261811/","Mike Burdett","https://www.flickr.com/photos/24739551@N03/","CC-BY-SA-2.0"
"P61","aircraft_type_pictures/P61.jpg","https://www.flickr.com/photos/37467370@N08/32749891300/","Greg Goebel","https://www.flickr.com/photos/37467370@N08/","CC0-1.0"
"P63","aircraft_type_pictures/P63.jpg","https://www.flickr.com/photos/37467370@N08/7164667799/","Greg Goebel","https://www.flickr.com/photos/37467370@N08/","CC-BY-SA-2.0"
"P8","aircraft_type_pictures/P8.jpg","https://www.flickr.com/photos/lynothehammer/48657740842/","Steve Lynes","https://www.flickr.com/photos/lynothehammer/","CC-BY-2.0"
"PA11","aircraft_type_pictures/PA11.jpg","https://www.flickr.com/photos/wiltshirespotter/14084602436/","Pete Webber","https://www.flickr.com/photos/wiltshirespotter/","CC-BY-SA-2.0"
"PA12","aircraft_type_pictures/PA12.jpg","https://www.flickr.com/photos/lynothehammer/27214841587/","Steve Lynes","https://www.flickr.com/photos/lynothehammer/","CC-BY-2.0"
"PA14","aircraft_type_pictures/PA14.jpg","https://www.flickr.com/photos/wirelizard/2603571136/","Brian Burger","https://www.flickr.com/photos/wirelizard/","CC-BY-2.0"
"PA15","aircraft_type_pictures/PA15.jpg","https://www.flickr.com/photos/24739551@N03/31016884928/","Mike Burdett","https://www.flickr.com/photos/24739551@N03/","CC-BY-SA-2.0"
"PA16","aircraft_type_pictures/PA16.jpg","https://www.flickr.com/photos/ajw1970/32126083773/","Alan Wilson","https://www.flickr.com/photos/ajw1970/","CC-BY-SA-2.0"
"PA17","aircraft_type_pictures/PA17.jpg","https://www.flickr.com/photos/wiltshirespotter/14088587377/","Pete Webber","https://www.flickr.com/photos/wiltshirespotter/","CC-BY-SA-2.0"
"PA18","aircraft_type_pictures/PA18.jpg","https://www.flickr.com/photos/ajw1970/31201376145/","Alan Wilson","https://www.flickr.com/photos/ajw1970/","CC-BY-SA-2.0"
"PA20","aircraft_type_pictures/PA20.jpg","https://www.flickr.com/photos/24739551@N03/44150968934/","Mike Burdett","https://www.flickr.com/photos/24739551@N03/","CC-BY-SA-2.0"
"PA22","aircraft_type_pictures/PA22.jpg","https://www.flickr.com/photos/davehamster/6322226703/","David Merrett","https://www.flickr.com/photos/davehamster/","CC-BY-2.0"
"PA23","aircraft_type_pictures/PA23.jpg","https://www.flickr.com/photos/ajw1970/31103193338/","Alan Wilson","https://www.flickr.com/photos/ajw1970/","CC-BY-SA-2.0"
"PA24","aircraft_type_pictures/PA24.jpg","https://www.flickr.com/photos/tomasdelcoro/32106535048/","Tomás Del Coro","https://www.flickr.com/photos/tomasdelcoro/","CC-BY-SA-2.0"
"PA25","aircraft_type_pictures/PA25.jpg","https://www.flickr.com/photos/ronmacphotos/3689146187/","Ronnie Macdonald","https://www.flickr.com/photos/ronmacphotos/","CC-BY-2.0"
"PA27","aircraft_type_pictures/PA27.jpg","https://www.flickr.com/photos/95512093@N05/40868166473/","James","https://www.flickr.com/photos/95512093@N05/","CC-BY-SA-2.0"
"PA30","aircraft_type_pictures/PA30.jpg","https://www.flickr.com/photos/ajw1970/20637175123/","Alan Wilson","https://www.flickr.com/photos/ajw1970/","CC-BY-SA-2.0"
"PA31","aircraft_type_pictures/PA31.jpg","https://www.flickr.com/photos/95512093@N05/28881264004/","James","https://www.flickr.com/photos/95512093@N05/","CC-BY-SA-2.0"
"PA32","aircraft_type_pictures/PA32.jpg","https://www.flickr.com/photos/ajw1970/43611662995/","Alan Wilson","https://www.flickr.com/photos/ajw1970/","CC-BY-SA-2.0"
"PA34","aircraft_type_pictures/PA34.jpg","https://www.flickr.com/photos/satransport/22535289571/","Bob Adams","https://www.flickr.com/photos/satransport/","CC-BY-SA-2.0"
"PA36","aircraft_type_pictures/PA36.jpg","https://www.flickr.com/photos/98963354@N00/8456804484/","Jan Hetebrij","https://www.flickr.com/photos/98963354@N00/","CC-BY-2.0"
"PA38","aircraft_type_pictures/PA38.jpg","https://www.flickr.com/photos/34153108@N06/8112255091/","Gerard van der Schaaf","https://www.flickr.com/photos/34153108@N06/","CC-BY-2.0"
"PA44","aircraft_type_pictures/PA44.jpg","https://www.flickr.com/photos/satransport/25558762561/","Bob Adams","https://www.flickr.com/photos/satransport/","CC-BY-SA-2.0"
"PA46","aircraft_type_pictures/PA46.jpg","https://www.flickr.com/photos/95512093@N05/23306397513/","James","https://www.flickr.com/photos/95512093@N05/","CC-BY-SA-2.0"
"PA47","aircraft_type_pictures/PA47.jpg","https://www.flickr.com/photos/119886413@N05/23200799751/","Michel Curi","https://www.flickr.com/photos/119886413@N05/","CC-BY-2.0"
"Q4","aircraft_type_pictures/Q4.jpg","https://www.flickr.com/photos/my_public_domain_photos/31570089422/","Robert Sullivan","https://www.flickr.com/photos/my_public_domain_photos/","CC0-1.0"
"R4","aircraft_type_pictures/R4.jpg","https://www.flickr.com/photos/hisgett/46515274104/","Tony Hisgett","https://www.flickr.com/photos/hisgett/","CC-BY-2.0"
"RALL","aircraft_type_pictures/RALL.jpg","https://www.flickr.com/photos/satransport/24645224610/","Bob Adams","https://www.flickr.com/photos/satransport/","CC-BY-SA-2.0"
"RFAL","aircraft_type_pictures/RFAL.jpg","https://www.flickr.com/photos/ajw1970/31381183835/","Alan Wilson","https://www.flickr.com/photos/ajw1970/","CC-BY-SA-2.0"
"S108","aircraft_type_pictures/S108.jpg","https://www.flickr.com/photos/24739551@N03/43978105585/","Mike Burdett","https://www.flickr.com/photos/24739551@N03/","CC-BY-SA-2.0"
"S2P","aircraft_type_pictures/S2P.jpg","https://www.flickr.com/photos/ajw1970/29614608463/","Alan Wilson","https://www.flickr.com/photos/ajw1970/","CC-BY-SA-2.0"
"S2T","aircraft_type_pictures/S2T.jpg","https://www.flickr.com/photos/wbaiv/4311293892/","Bill Abbott","https://www.flickr.com/photos/wbaiv/","CC-BY-SA-2.0"
"S3","aircraft_type_pictures/S3.jpg","https://www.flickr.com/photos/109661044@N07/17068906127/","Rob Schleiffert","https://www.flickr.com/photos/109661044@N07/","CC-BY-SA-2.0"
"S38","aircraft_type_pictures/S38.jpg","https://www.flickr.com/photos/fun_flying/203441747/","D. Miller","https://www.flickr.com/photos/fun_flying/","CC-BY-2.0"
"S39","aircraft_type_pictures/S39.jpg","https://www.flickr.com/photos/loimere/2736969360/","Derek Hatfield","https://www.flickr.com/photos/loimere/","CC-BY-2.0"
"S51","aircraft_type_pictures/S51.jpg","https://www.flickr.com/photos/101561334@N08/17394116960/","Gary Todd","https://www.flickr.com/photos/101561334@N08/","CC0-1.0"
"S52","aircraft_type_pictures/S52.jpg","https://www.flickr.com/photos/ajw1970/10845380094/","Alan Wilson","https://www.flickr.com/photos/ajw1970/","CC-BY-SA-2.0"
"S55P","aircraft_type_pictures/S55P.jpg","https://www.flickr.com/photos/130961247@N06/49556793923/","Anna Zvereva","https://www.flickr.com/photos/130961247@N06/","CC-BY-SA-2.0"
"S58P","aircraft_type_pictures/S58P.jpg","https://www.flickr.com/photos/lhoon/226244234/","LHOON","https://www.flickr.com/photos/lhoon/","CC-BY-SA-2.0"
"S61","aircraft_type_pictures/S61.jpg","https://www.flickr.com/photos/wiltshirespotter/16450800380/","Pete Webber","https://www.flickr.com/photos/wiltshirespotter/","CC-BY-SA-2.0"
"S62","aircraft_type_pictures/S62.jpg","https://www.flickr.com/photos/tomasdelcoro/8001394155/","Tomás Del Coro","https://www.flickr.com/photos/tomasdelcoro/","CC-BY-SA-2.0"
"S64","aircraft_type_pictures/S64.jpg","https://www.flickr.com/photos/fun_flying/421688872/","D. Miller","https://www.flickr.com/photos/fun_flying/","CC-BY-2.0"
"S76","aircraft_type_pictures/S76.jpg","https://www.flickr.com/photos/wiltshirespotter/14207426513/","Pete Webber","https://www.flickr.com/photos/wiltshirespotter/","CC-BY-SA-2.0"
"S92","aircraft_type_pictures/S92.jpg","https://www.flickr.com/photos/airlines470/14787675702/","ERIC  SALARD","https://www.flickr.com/photos/airlines470/","CC-BY-SA-2.0"
"SBD","aircraft_type_pictures/SBD.jpg","https://www.flickr.com/photos/ajw1970/49410839876/","Alan Wilson","https://www.flickr.com/photos/ajw1970/","CC-BY-SA-2.0"
"SMB2","aircraft_type_pictures/SMB2.jpg","https://www.flickr.com/photos/kitmasterbloke/46888602924/","kitmasterbloke","https://www.flickr.com/photos/kitmasterbloke/","CC-BY-2.0"
"SR71","aircraft_type_pictures/SR71.jpg","https://www.flickr.com/photos/37467370@N08/7331365524/","Greg Goebel","https://www.flickr.com/photos/37467370@N08/","CC-BY-SA-2.0"
"T134","aircraft_type_pictures/T134.jpg","https://www.flickr.com/photos/33465428@N02/4353040171/","Dean Morley","https://www.flickr.com/photos/33465428@N02/","CC-BY-ND-2.0"
"T144","aircraft_type_pictures/T144.jpg","https://www.flickr.com/photos/44400809@N07/43501287784/","Dmitry Terekhov","https://www.flickr.com/photos/44400809@N07/","CC-BY-SA-2.0"
"T154","aircraft_type_pictures/T154.jpg","https://www.flickr.com/photos/44400809@N07/25343703266/","Dmitry Terekhov","https://www.flickr.com/photos/44400809@N07/","CC-BY-SA-2.0"
"T160","aircraft_type_pictures/T160.jpg","https://www.flickr.com/photos/cryogenic666/2566045206/","cryogenic666","https://www.flickr.com/photos/cryogenic666/","CC-BY-SA-2.0"
"T204","aircraft_type_pictures/T204.jpg","https://www.flickr.com/photos/44400809@N07/25343702416/","Dmitry Terekhov","https://www.flickr.com/photos/44400809@N07/","CC-BY-SA-2.0"
"T206","aircraft_type_pictures/T206.jpg","https://www.flickr.com/photos/ajw1970/30272991268/","Alan Wilson","https://www.flickr.com/photos/ajw1970/","CC-BY-SA-2.0"
"T210","aircraft_type_pictures/T210.jpg","https://www.flickr.com/photos/tomasdelcoro/31053143887/","Tomás Del Coro","https://www.flickr.com/photos/tomasdelcoro/","CC-BY-SA-2.0"
"T22M","aircraft_type_pictures/T22M.jpg","https://www.flickr.com/photos/ajw1970/8636206394/","Alan Wilson","https://www.flickr.com/photos/ajw1970/","CC-BY-SA-2.0"
"T334","aircraft_type_pictures/T334.jpg","https://www.flickr.com/photos/cust/1205086873/","Leonid Kruzhkov","https://www.flickr.com/photos/cust/","CC-BY-ND-2.0"
"T34P","aircraft_type_pictures/T34P.jpg","https://www.flickr.com/photos/fun_flying/2761920452/","D. Miller","https://www.flickr.com/photos/fun_flying/","CC-BY-2.0"
"T34T","aircraft_type_pictures/T34T.jpg","https://www.flickr.com/photos/ajw1970/26251525947/","Alan Wilson","https://www.flickr.com/photos/ajw1970/","CC-BY-SA-2.0"
"T37","aircraft_type_pictures/T37.jpg","https://www.flickr.com/photos/wiltshirespotter/14086905463/","Pete Webber","https://www.flickr.com/photos/wiltshirespotter/","CC-BY-SA-2.0"
"T38","aircraft_type_pictures/T38.jpg","https://www.flickr.com/photos/fun_flying/2761069123/","D. Miller","https://www.flickr.com/photos/fun_flying/","CC-BY-2.0"
"T50","aircraft_type_pictures/T50.jpg","https://www.flickr.com/photos/my_public_domain_photos/17035435808/","Robert Sullivan","https://www.flickr.com/photos/my_public_domain_photos/","CC0-1.0"
"TBM","aircraft_type_pictures/TBM.jpg","https://www.flickr.com/photos/fun_flying/215694081/","D. Miller","https://www.flickr.com/photos/fun_flying/","CC-BY-2.0"
"TCAT","aircraft_type_pictures/TCAT.jpg","https://www.flickr.com/photos/clemensv/29404139152/","Clemens Vasters","https://www.flickr.com/photos/clemensv/","CC-BY-2.0"
"TIGR","aircraft_type_pictures/TIGR.jpg","https://www.flickr.com/photos/neuwieser/42174697641/","Neuwieser","https://www.flickr.com/photos/neuwieser/","CC-BY-SA-2.0"
"TU22","aircraft_type_pictures/TU22.jpg","https://www.flickr.com/photos/ajw1970/10239395004/","Alan Wilson","https://www.flickr.com/photos/ajw1970/","CC-BY-SA-2.0"
"TU4","aircraft_type_pictures/TU4.jpg","https://www.flickr.com/photos/ajw1970/38606467515/","Alan Wilson","https://www.flickr.com/photos/ajw1970/","CC-BY-SA-2.0"
"TUCA","aircraft_type_pictures/TUCA.jpg","https://www.flickr.com/photos/elsie/39888137/","Les Chatfield","https://www.flickr.com/photos/elsie/","CC-BY-2.0"
"U16","aircraft_type_pictures/U16.jpg","https://www.flickr.com/photos/fun_flying/2143608420/","D. Miller","https://www.flickr.com/photos/fun_flying/","CC-BY-2.0"
"U21","aircraft_type_pictures/U21.jpg","https://www.flickr.com/photos/awilson154/7055037079/","Alec Wilson","https://www.flickr.com/photos/awilson154/","CC-BY-SA-2.0"
"UH1","aircraft_type_pictures/UH1.jpg","https://www.flickr.com/photos/magnera/35713662844/","L.C. Nøttaasen","https://www.flickr.com/photos/magnera/","CC-BY-2.0"
"UH1Y","aircraft_type_pictures/UH1Y.jpg","https://www.flickr.com/photos/tomasdelcoro/15342548097/","Tomás Del Coro","https://www.flickr.com/photos/tomasdelcoro/","CC-BY-SA-2.0"
"V1","aircraft_type_pictures/V1.jpg","https://www.flickr.com/photos/fun_flying/2766857114/","D. Miller","https://www.flickr.com/photos/fun_flying/","CC-BY-2.0"
"VF35","aircraft_type_pictures/VF35.jpg","https://www.flickr.com/photos/24874528@N04/33627299265/","Airwolfhound","https://www.flickr.com/photos/24874528@N04/","CC-BY-SA-2.0"
"WCAT","aircraft_type_pictures/WCAT.jpg","https://www.flickr.com/photos/57412095@N05/10549404426/","A Yee","https://www.flickr.com/photos/57412095@N05/","CC-BY-2.0"
"X2","aircraft_type_pictures/X2.jpg","https://www.flickr.com/photos/my_public_domain_photos/43657685502/","Robert Sullivan","https://www.flickr.com/photos/my_public_domain_photos/","CC0-1.0"
"X29","aircraft_type_pictures/X29.jpg","https://www.flickr.com/photos/multiplyleadership/5920602066/","Mark Jones Jr.","https://www.flickr.com/photos/multiplyleadership/","CC-BY-2.0"
"X32","aircraft_type_pictures/X32.jpg","https://www.flickr.com/photos/77258709@N06/21498678875/","ermaleksandr","https://www.flickr.com/photos/77258709@N06/","CC0-1.0"
"X47B","aircraft_type_pictures/X47B.jpg","https://www.flickr.com/photos/my_public_domain_photos/35884309543/","Robert Sullivan","https://www.flickr.com/photos/my_public_domain_photos/","CC0-1.0"
"X49","aircraft_type_pictures/X49.jpg","https://www.flickr.com/photos/multiplyleadership/6793713706/","Mark Jones Jr.","https://www.flickr.com/photos/multiplyleadership/","CC-BY-2.0"
"X55","aircraft_type_pictures/X55.jpg","https://www.flickr.com/photos/ajw1970/27631301015/","Alan Wilson","https://www.flickr.com/photos/ajw1970/","CC-BY-SA-2.0"
"XV15","aircraft_type_pictures/XV15.jpg","https://www.flickr.com/photos/37467370@N08/33325233668/","Greg Goebel","https://www.flickr.com/photos/37467370@N08/","CC0-1.0"
"Y130","aircraft_type_pictures/Y130.jpg","https://www.flickr.com/photos/41279068@N08/7541762392/","Adrian ...","https://www.flickr.com/photos/41279068@N08/","CC-BY-2.0"
"Y141","aircraft_type_pictures/Y141.jpg","https://www.flickr.com/photos/ajw1970/39406263242/","Alan Wilson","https://www.flickr.com/photos/ajw1970/","CC-BY-SA-2.0"
"Y18T","aircraft_type_pictures/Y18T.jpg","https://www.flickr.com/photos/sjbyles/5447777190/","Steven Byles","https://www.flickr.com/photos/sjbyles/","CC-BY-SA-2.0"
"YAK3","aircraft_type_pictures/YAK3.jpg","https://www.flickr.com/photos/airlines470/44870042721/","ERIC  SALARD","https://www.flickr.com/photos/airlines470/","CC-BY-SA-2.0"
"YAK9","aircraft_type_pictures/YAK9.jpg","https://www.flickr.com/photos/63366024@N00/2826096547/","Cory W. Watts","https://www.flickr.com/photos/63366024@N00/","CC-BY-SA-2.0"
"YK11","aircraft_type_pictures/YK11.jpg","https://www.flickr.com/photos/martin55/9324733624/","martin_vmorris","https://www.flickr.com/photos/martin55/","CC-BY-SA-2.0"
"YK38","aircraft_type_pictures/YK38.jpg","https://www.flickr.com/photos/ajw1970/37531983446/","Alan Wilson","https://www.flickr.com/photos/ajw1970/","CC-BY-SA-2.0"
"YK40","aircraft_type_pictures/YK40.jpg","https://www.flickr.com/photos/ajw1970/21890550798/","Alan Wilson","https://www.flickr.com/photos/ajw1970/","CC-BY-SA-2.0"
"YK42","aircraft_type_pictures/YK42.jpg","https://www.flickr.com/photos/130961247@N06/37009327253/","Anna Zvereva","https://www.flickr.com/photos/130961247@N06/","CC-BY-SA-2.0"
"YK50","aircraft_type_pictures/YK50.jpg","https://www.flickr.com/photos/95512093@N05/34967489814/","James","https://www.flickr.com/photos/95512093@N05/","CC-BY-SA-2.0"
"YK52","aircraft_type_pictures/YK52.jpg","https://www.flickr.com/photos/volvob12b/13977949551/","Bernard Spragg. NZ","https://www.flickr.com/photos/volvob12b/","CC0-1.0"
"YK55","aircraft_type_pictures/YK55.jpg","https://www.flickr.com/photos/57581783@N03/10739019153/","Julian","https://www.flickr.com/photos/57581783@N03/","CC-BY-2.0"
"Z22","aircraft_type_pictures/Z22.jpg","https://www.flickr.com/photos/ajw1970/8257667488/","Alan Wilson","https://www.flickr.com/photos/ajw1970/","CC-BY-SA-2.0"
"Z26","aircraft_type_pictures/Z26.jpg","https://www.flickr.com/photos/13722921@N06/3570113753/","Jerry Gunner","https://www.flickr.com/photos/13722921@N06/","CC-BY-2.0"
"Z37P","aircraft_type_pictures/Z37P.jpg","https://www.flickr.com/photos/kitmasterbloke/15206147632/","kitmasterbloke","https://www.flickr.com/photos/kitmasterbloke/","CC-BY-2.0"
"Z42","aircraft_type_pictures/Z42.jpg","https://www.flickr.com/photos/95512093@N05/25285954225/","James","https://www.flickr.com/photos/95512093@N05/","CC-BY-SA-2.0"
"Z43","aircraft_type_pictures/Z43.jpg","https://www.flickr.com/photos/13722921@N06/3570104101/","Jerry Gunner","https://www.flickr.com/photos/13722921@N06/","CC-BY-2.0"
"Z50","aircraft_type_pictures/Z50.jpg","https://www.flickr.com/photos/11763830@N02/14626680552/","Claudiu Nelega","https://www.flickr.com/photos/11763830@N02/","CC-BY-SA-2.0"
