airline,logo
AAF,airlines_logos/AAF.svg
AAL,airlines_logos/AAL.svg
AAR,airlines_logos/AAR.svg
AAW,airlines_logos/AAW.svg
AAY,airlines_logos/AAY.svg
ABB,airlines_logos/ABB.svg
ABD,airlines_logos/ABD.svg
ABL,airlines_logos/ABL.svg
ABQ,airlines_logos/ABQ.svg
ABR,airlines_logos/ABR.svg
ABW,airlines_logos/ABW.svg
ABX,airlines_logos/ABX.svg
ABY,airlines_logos/ABY.svg
ACA,airlines_logos/ACA.svg
ACI,airlines_logos/ACI.svg
ACP,airlines_logos/ACP.svg
ADH,airlines_logos/ADH.svg
ADN,airlines_logos/ADN.svg
ADO,airlines_logos/ADO.svg
ADR,airlines_logos/ADR.svg
AEA,airlines_logos/AEA.svg
AEE,airlines_logos/AEE.svg
AEG,airlines_logos/AEG.svg
AEL,airlines_logos/AEL.svg
AEW,airlines_logos/AEW.svg
AFG,airlines_logos/AFG.svg
AFL,airlines_logos/AFL.svg
AFR,airlines_logos/AFR.svg
AHK,airlines_logos/AHK.svg
AHY,airlines_logos/AHY.svg
AIA,airlines_logos/AIA.svg
AIB,airlines_logos/AIB.svg
AIC,airlines_logos/AIC.svg
AIE,airlines_logos/AIE.svg
AIJ,airlines_logos/AIJ.svg
AIQ,airlines_logos/AIQ.svg
AIZ,airlines_logos/AIZ.svg
AJM,airlines_logos/AJM.svg
AJT,airlines_logos/AJT.svg
AKX,airlines_logos/AKX.svg
ALK,airlines_logos/ALK.svg
ALV,airlines_logos/ALV.svg
AMC,airlines_logos/AMC.svg
AME,airlines_logos/AME.svg
AMF,airlines_logos/AMF.svg
AMI,airlines_logos/AMI.svg
AMJ,airlines_logos/AMJ.svg
AMU,airlines_logos/AMU.svg
AMV,airlines_logos/AMV.svg
AMX,airlines_logos/AMX.svg
ANA,airlines_logos/ANA.svg
ANE,airlines_logos/ANE.svg
ANG,airlines_logos/ANG.svg
ANO,airlines_logos/ANO.svg
ANZ,airlines_logos/ANZ.svg
ARA,airlines_logos/ARA.svg
ARE,airlines_logos/ARE.svg
ARG,airlines_logos/ARG.svg
ARR,airlines_logos/ARR.svg
ASA,airlines_logos/ASA.svg
ASL,airlines_logos/ASL.svg
ASQ,airlines_logos/ASQ.svg
ASV,airlines_logos/ASV.svg
ASY,airlines_logos/ASY.svg
ATC,airlines_logos/ATC.svg
AUA,airlines_logos/AUA.svg
AUI,airlines_logos/AUI.svg
AUL,airlines_logos/AUL.svg
AUR,airlines_logos/AUR.svg
AUT,airlines_logos/AUT.svg
AUZ,airlines_logos/AUZ.svg
AVA,airlines_logos/AVA.svg
AVN,airlines_logos/AVN.svg
AWC,airlines_logos/AWC.svg
AWE,airlines_logos/AWE.svg
AWQ,airlines_logos/AWQ.svg
AWT,airlines_logos/AWT.svg
AXB,airlines_logos/AXB.svg
AXM,airlines_logos/AXM.svg
AXY,airlines_logos/AXY.svg
AZA,airlines_logos/AZA.svg
AZF,airlines_logos/AZF.svg
AZG,airlines_logos/AZG.svg
AZI,airlines_logos/AZI.svg
AZN,airlines_logos/AZN.svg
AZU,airlines_logos/AZU.svg
AZW,airlines_logos/AZW.svg
BAE,airlines_logos/BAE.svg
BAW,airlines_logos/BAW.svg
BBC,airlines_logos/BBC.svg
BBR,airlines_logos/BBR.svg
BCI,airlines_logos/BCI.svg
BCS,airlines_logos/BCS.svg
BCY,airlines_logos/BCY.svg
BDA,airlines_logos/BDA.svg
BEE,airlines_logos/BEE.svg
BEK,airlines_logos/BEK.svg
BEL,airlines_logos/BEL.svg
BER,airlines_logos/BER.svg
BFO,airlines_logos/BFO.svg
BGA,airlines_logos/BGA.svg
BHA,airlines_logos/BHA.svg
BHL,airlines_logos/BHL.svg
BHS,airlines_logos/BHS.svg
BIE,airlines_logos/BIE.svg
BKP,airlines_logos/BKP.svg
BLA,airlines_logos/BLA.svg
BLF,airlines_logos/BLF.svg
BLX,airlines_logos/BLX.svg
BMR,airlines_logos/BMR.svg
BMS,airlines_logos/BMS.svg
BOS,airlines_logos/BOS.svg
BOT,airlines_logos/BOT.svg
BOU,airlines_logos/BOU.svg
BOV,airlines_logos/BOV.svg
BPA,airlines_logos/BPA.svg
BRU,airlines_logos/BRU.svg
BTI,airlines_logos/BTI.svg
BZH,airlines_logos/BZH.svg
CAI,airlines_logos/CAI.svg
CAW,airlines_logos/CAW.svg
CAY,airlines_logos/CAY.svg
CCA,airlines_logos/CCA.svg
CCG,airlines_logos/CCG.svg
CCM,airlines_logos/CCM.svg
CDG,airlines_logos/CDG.svg
CEB,airlines_logos/CEB.svg
CES,airlines_logos/CES.svg
CFG,airlines_logos/CFG.svg
CHH,airlines_logos/CHH.svg
CJT,airlines_logos/CJT.svg
CLH,airlines_logos/CLH.svg
CLX,airlines_logos/CLX.svg
CMP,airlines_logos/CMP.svg
CPA,airlines_logos/CPA.svg
CRK,airlines_logos/CRK.svg
CSA,airlines_logos/CSA.svg
CSC,airlines_logos/CSC.svg
CSH,airlines_logos/CSH.svg
CSN,airlines_logos/CSN.svg
CSZ,airlines_logos/CSZ.svg
CTN,airlines_logos/CTN.svg
CUB,airlines_logos/CUB.svg
CXA,airlines_logos/CXA.svg
CYP,airlines_logos/CYP.svg
DAH,airlines_logos/DAH.svg
DAL,airlines_logos/DAL.svg
DHK,airlines_logos/DHK.svg
DHX,airlines_logos/DHX.svg
DLA,airlines_logos/DLA.svg
DLH,airlines_logos/DLH.svg
DSM,airlines_logos/DSM.svg
EIN,airlines_logos/EIN.svg
EJU,airlines_logos/EJU.svg
ELY,airlines_logos/ELY.svg
ENT,airlines_logos/ENT.svg
ESR,airlines_logos/ESR.svg
ETD,airlines_logos/ETD.svg
ETH,airlines_logos/ETH.svg
EVA,airlines_logos/EVA.svg
EVX,airlines_logos/EVX.svg
EWG,airlines_logos/EWG.svg
EXY,airlines_logos/EXY.svg
EZE,airlines_logos/EZE.svg
EZS,airlines_logos/EZS.svg
EZY,airlines_logos/EZY.svg
FAB,airlines_logos/FAB.svg
FDB,airlines_logos/FDB.svg
FDX,airlines_logos/FDX.svg
FIN,airlines_logos/FIN.svg
FJI,airlines_logos/FJI.svg
FLI,airlines_logos/FLI.svg
FPO,airlines_logos/FPO.svg
GCR,airlines_logos/GCR.svg
GEC,airlines_logos/GEC.svg
GIA,airlines_logos/GIA.svg
GLG,airlines_logos/GLG.svg
GLO,airlines_logos/GLO.svg
GTI,airlines_logos/GTI.svg
GWI,airlines_logos/GWI.svg
HAL,airlines_logos/HAL.svg
HDA,airlines_logos/HDA.svg
HFY,airlines_logos/HFY.svg
HHN,airlines_logos/HHN.svg
HKE,airlines_logos/HKE.svg
HVN,airlines_logos/HVN.svg
IBB,airlines_logos/IBB.svg
IBE,airlines_logos/IBE.svg
IBS,airlines_logos/IBS.svg
ICE,airlines_logos/ICE.svg
ICL,airlines_logos/ICL.svg
IGO,airlines_logos/IGO.svg
IRA,airlines_logos/IRA.svg
IRM,airlines_logos/IRM.svg
ISS,airlines_logos/ISS.svg
JAL,airlines_logos/JAL.svg
JBU,airlines_logos/JBU.svg
JJA,airlines_logos/JJA.svg
JSX,airlines_logos/JSX.svg
JZR,airlines_logos/JZR.svg
KAC,airlines_logos/KAC.svg
KAL,airlines_logos/KAL.svg
KKK,airlines_logos/KKK.svg
KLM,airlines_logos/KLM.svg
KQA,airlines_logos/KQA.svg
KRP,airlines_logos/KRP.svg
KZR,airlines_logos/KZR.svg
LAN,airlines_logos/LAN.svg
LAO,airlines_logos/LAO.svg
LAP,airlines_logos/LAP.svg
LBT,airlines_logos/LBT.svg
LCO,airlines_logos/LCO.svg
LCT,airlines_logos/LCT.svg
LGL,airlines_logos/LGL.svg
LIA,airlines_logos/LIA.svg
LNE,airlines_logos/LNE.svg
LNK,airlines_logos/LNK.svg
LOT,airlines_logos/LOT.svg
LPE,airlines_logos/LPE.svg
LTG,airlines_logos/LTG.svg
LZB,airlines_logos/LZB.svg
MAC,airlines_logos/MAC.svg
MAS,airlines_logos/MAS.svg
MAU,airlines_logos/MAU.svg
MDA,airlines_logos/MDA.svg
MDG,airlines_logos/MDG.svg
MEA,airlines_logos/MEA.svg
MGX,airlines_logos/MGX.svg
MLD,airlines_logos/MLD.svg
MSA,airlines_logos/MSA.svg
MSR,airlines_logos/MSR.svg
MXD,airlines_logos/MXD.svg
NCA,airlines_logos/NCA.svg
NMA,airlines_logos/NMA.svg
NMB,airlines_logos/NMB.svg
NOS,airlines_logos/NOS.svg
NWS,airlines_logos/NWS.svg
OAL,airlines_logos/OAL.svg
OHY,airlines_logos/OHY.svg
OMA,airlines_logos/OMA.svg
PAC,airlines_logos/PAC.svg
PAL,airlines_logos/PAL.svg
PGA,airlines_logos/PGA.svg
PGT,airlines_logos/PGT.svg
PLM,airlines_logos/PLM.svg
PRF,airlines_logos/PRF.svg
QAZ,airlines_logos/QAZ.svg
QFA,airlines_logos/QFA.svg
QTR,airlines_logos/QTR.svg
RAM,airlines_logos/RAM.svg
RBA,airlines_logos/RBA.svg
REU,airlines_logos/REU.svg
RJA,airlines_logos/RJA.svg
ROT,airlines_logos/ROT.svg
RWD,airlines_logos/RWD.svg
RYR,airlines_logos/RYR.svg
RZO,airlines_logos/RZO.svg
SAA,airlines_logos/SAA.svg
SAS,airlines_logos/SAS.svg
SAT,airlines_logos/SAT.svg
SBI,airlines_logos/SBI.svg
SCX,airlines_logos/SCX.svg
SDM,airlines_logos/SDM.svg
SEJ,airlines_logos/SEJ.svg
SEY,airlines_logos/SEY.svg
SFR,airlines_logos/SFR.svg
SIA,airlines_logos/SIA.svg
SLI,airlines_logos/SLI.svg
SLK,airlines_logos/SLK.svg
SVA,airlines_logos/SVA.svg
SWR,airlines_logos/SWR.svg
SXS,airlines_logos/SXS.svg
TAI,airlines_logos/TAI.svg
TAM,airlines_logos/TAM.svg
TAP,airlines_logos/TAP.svg
TAR,airlines_logos/TAR.svg
TCV,airlines_logos/TCV.svg
THA,airlines_logos/THA.svg
THT,airlines_logos/THT.svg
THY,airlines_logos/THY.svg
TPC,airlines_logos/TPC.svg
TPU,airlines_logos/TPU.svg
TRA,airlines_logos/TRA.svg
TSC,airlines_logos/TSC.svg
TUI,airlines_logos/TUI.svg
TVF,airlines_logos/TVF.svg
TWB,airlines_logos/TWB.svg
UAE,airlines_logos/UAE.svg
UAL,airlines_logos/UAL.svg
UIA,airlines_logos/UIA.svg
UPS,airlines_logos/UPS.svg
UVT,airlines_logos/UVT.svg
UZB,airlines_logos/UZB.svg
VBW,airlines_logos/VBW.svg
VIR,airlines_logos/VIR.svg
VJC,airlines_logos/VJC.svg
VLG,airlines_logos/VLG.svg
VOE,airlines_logos/VOE.svg
VOI,airlines_logos/VOI.svg
VOZ,airlines_logos/VOZ.svg
VSV,airlines_logos/VSV.svg
VTI,airlines_logos/VTI.svg
WIF,airlines_logos/WIF.svg
WJA,airlines_logos/WJA.svg
WZZ,airlines_logos/WZZ.svg
